Date,*RES ELE *,,*STORAGE *,,*RES CHG *,,*TOC STO *,,*ABV TOC *,,*OUTFLOW *,,*INFLOW *,,*EVAP *,,*FNF *,,*PPT INC *,,*RAIN *,,*PPTINC4 *,
,*FEET*,,*AF*,,*AF*,,*AF*,,*AF*,,*CFS*,,*CFS*,,*CFS*,,*CFS*,,*INCHES*,,*INCHES*,,*INCHES*,
9/21/2012,783.78,,2014108,,-4465,,3463000,,-1448892,,3775,,1674,,97,,719,e,0,,24.8,,,
9/22/2012,783.34,,2009437,,-4671,,3450500,,-1441063,,3929,,1615,,94,,719,e,0,,24.8,,,
9/23/2012,782.96,,2005410,,-4027,,3438000,,-1432590,,3914,,1974,,90,,744,,0,,24.8,,,
9/24/2012,782.6,,2001599,,-3811,,3425500,,-1423901,,3915,,2157,,162,,881,e,0,,24.8,,,
9/25/2012,782.21,,1997478,,-4121,,3413000,,-1415522,,3917,,1897,,111,,719,e,0,,24.8,,,
9/26/2012,781.76,,1992730,,-4748,,3400500,,-1407770,,3918,,1685,,108,,881,e,0,,24.8,,,
9/27/2012,781.46,,1989569,,-3161,,3388000,,-1398431,,3921,,2424,,97,,715,e,0,,24.8,,,
9/28/2012,781.08,,1985570,,-3999,,3375500,,-1389930,,3923,,1996,,143,,715,e,0,,24.8,,,
9/29/2012,780.63,,1980842,,-4728,,3363000,,-1382158,,4184,,1925,,125,,715,e,0,,24.8,,,
9/30/2012,780.28,,1977170,,-3671,,3350500,,-1373330,,3926,,2165,,143,,715,e,0,,--,,,
10/1/2012,779.97,,1973922,,-3249,,3338000,,-1364078,,4043,,2586,,75,,838,,0,,0,,,
10/2/2012,779.06,,1964410,,-9512,,3325500,,-1361090,,6316,,1608,,140,,715,,0,,0,,,
10/3/2012,778.17,,1955139,,-9271,,3313000,,-1357861,,6199,,1575,,154,,715,,0,,0,,,
10/4/2012,776.98,,1942793,,-12346,,3300500,,-1357707,,6307,,360,,120,,412,e,0,,0,,,
10/5/2012,775.83,,1930915,,-11878,,3288000,,-1357085,,6308,,647,,120,,527,e,--,,0,,,
10/6/2012,774.94,,1921759,,-9156,,3275500,,-1353741,,6320,,1772,,120,,527,e,0,,0,,,
10/7/2012,774.1,,1913146,,-8613,,3263000,,-1349854,,6339,,2063,,67,,412,e,0,,0,,,
10/8/2012,773.14,,1903338,,-9808,,3250500,,-1347162,,6358,,1421,,8,,322,e,0,,0,,,
10/9/2012,772.29,,1894683,,-8655,,3238000,,-1343317,,6348,,2044,,110,,321,e,0,,0,,,
10/10/2012,771.43,,1885956,,-8727,,3225500,,-1339544,,6344,,2061,,66,,492,,0,,0,,,
10/11/2012,770.47,,1876249,,-9707,,3213000,,-1336751,,6367,,1543,,70,,458,e,0,,0,,,
10/12/2012,769.76,,1869094,,-7155,,3200500,,-1331406,,5726,,2170,,54,,457,e,0,,0,,,
10/13/2012,769.23,,1863764,,-5330,,3188000,,-1324236,,4523,,1865,,29,,656,,0,,0,,,
10/14/2012,768.71,,1858546,,-5218,,3175500,,-1316954,,3703,,1100,,29,,527,e,0,,0,,,
10/15/2012,768.35,,1854938,,-3607,,3163000,,-1308062,,3525,,1739,,83,,613,,0,,0,,,
10/16/2012,768.17,,1853137,,-1802,,3163000,,-1309863,,3009,,2213,,62,,628,e,0,,0,,,
10/17/2012,767.89,,1850338,,-2799,,3163000,,-1312662,,3033,,1657,,87,,627,e,0,,0,,,
10/18/2012,767.61,,1847540,,-2797,,3163000,,-1315460,,3259,,1940,,90,,640,e,0,,0,,,
10/19/2012,767.3,,1844448,,-3093,,3163000,,-1318552,,3266,,1841,,83,,639,e,0,,0,,,
10/20/2012,767.08,,1842255,,-2193,,3163000,,-1320745,,3302,,2175,,29,,648,e,0,,0,,,
10/21/2012,766.8,,1839467,,-2788,,3163000,,-1323533,,2995,,1608,,18,,700,e,0,,0,,,
10/22/2012,766.7,,1838472,,-995,,3163000,,-1324528,,3240,,2918,,129,,3040,e,1,,1,,,
10/23/2012,766.61,,1837577,,-895,,3163000,,-1325423,,2819,,2397,,29,,1862,,0,,1,,,
10/24/2012,766.53,,1836782,,-795,,3163000,,-1326218,,2993,,2625,,32,,2236,,0.08,,1.08,,,
10/25/2012,766.64,,1837876,,1094,,3163000,,-1325124,,1640,,2213,,22,,1346,,0,,1.08,,,
10/26/2012,766.54,,1836881,,-995,,3163000,,-1326119,,2752,,2250,,50,,1275,e,0,,1.08,,,
10/27/2012,766.27,,1834199,,-2682,,3163000,,-1328801,,2970,,1639,,22,,1275,e,0,,1.08,,,
10/28/2012,766.24,,1833900,,-299,,3163000,,-1329100,,2372,,2258,,36,,1061,e,0,,1.08,,,
10/29/2012,766.03,,1831816,,-2084,,3163000,,-1331184,,3031,,2074,,143,,1191,e,0,,1.08,,,
10/30/2012,765.68,,1828346,,-3470,,3163000,,-1334654,,3473,,1812,,39,,1191,e,0,,1.08,,,
10/31/2012,765.49,,1826464,,-1882,,3163000,,-1336536,,3715,,2862,,46,,2673,,0.68,,1.76,,,
11/1/2012,765.17,,1823298,,-3166,,3163000,,-1339702,,3704,,2125,,18,,1518,,0.12,,1.88,,,
11/2/2012,764.94,,1821024,,-2273,,3163000,,-1341976,,3713,,2589,,22,,1771,,0,,1.88,,,
11/3/2012,764.6,,1817668,,-3357,,3163000,,-1345332,,3708,,1988,,22,,1100,,0,,1.88,,,
11/4/2012,764.43,,1815991,,-1677,,3163000,,-1347009,,3245,,2430,,30,,1291,,0,,1.88,,,
11/5/2012,764.02,,1811952,,-4039,,3163000,,-1351048,,3965,,1954,,26,,1036,,0,,1.88,,,
11/6/2012,763.59,,1807723,,-4229,,3163000,,-1355277,,3936,,1948,,44,,1149,e,0,,1.88,,,
11/7/2012,763.32,,1805070,,-2652,,3163000,,-1357930,,3801,,2413,,48,,1149,e,0,,1.88,,,
11/8/2012,762.89,,1800853,,-4218,,3163000,,-1362147,,4198,,2154,,33,,996,,0.04,,1.92,,,
11/9/2012,762.45,,1796544,,-4309,,3163000,,-1366456,,4212,,2013,,22,,738,,0.08,,2,,,
11/10/2012,762.09,,1793025,,-3519,,3163000,,-1369975,,4043,,2283,,15,,1018,,0,,2,,,
11/11/2012,762.05,,1792634,,-391,,3163000,,-1370366,,3248,,3115,,15,,977,e,0,,2,,,
11/12/2012,761.49,,1787170,,-5464,,3163000,,-1375830,,4158,,1402,,47,,977,e,0,,2,,,
11/13/2012,761.19,,1784248,,-2922,,3163000,,-1378752,,4073,,2632,,33,,1165,,0,,2,,,
11/14/2012,760.74,,1779871,,-4377,,3163000,,-1383129,,4370,,2181,,18,,904,,0,,2,,,
11/15/2012,760.31,,1775696,,-4175,,3163000,,-1387304,,4144,,2087,,47,,888,,0,,2,,,
11/16/2012,759.93,,1772002,,-3694,,3163000,,-1390998,,4182,,2688,,22,,806,,0.4,,2.4,,,
11/17/2012,760.56,,1778122,,6120,,3137100,,-1358978,,3863,,6672,,22,,10251,,1.68,,4.08,,,
11/18/2012,760.88,,1781232,,3110,,3130100,,-1348868,,4153,,6075,,11,,6722,,0,,4.08,,,
11/19/2012,760.7,,1779482,,-1750,,3135300,,-1355818,,4039,,2791,,25,,3172,,0,,4.08,,,
11/20/2012,761.03,,1782691,,3209,,3077900,,-1295209,,3745,,5429,,18,,6164,,0.92,,5,,,
11/21/2012,761.9,,1791169,,8478,,3069700,,-1278531,,4175,,8419,,18,,9798,,0,,5,,,
11/22/2012,762.63,,1798306,,7137,,3076800,,-1278494,,1203,,4862,,11,,4678,,0,,5,,,
11/23/2012,762.91,,1801048,,2743,,3084600,,-1283552,,2321,,3690,,37,,2962,,0,,5,,,
11/24/2012,762.61,,1798110,,-2939,,3092200,,-1294090,,3845,,2435,,22,,1765,,0,,5,,,
11/25/2012,762.02,,1792341,,-5769,,3099600,,-1307259,,5603,,2709,,15,,1672,,0,,5,,,
11/26/2012,761.44,,1786683,,-5658,,3106700,,-1320017,,5358,,2520,,15,,2550,,0,,5,,,
11/27/2012,760.83,,1780746,,-5937,,3113700,,-1332954,,5638,,2617,,22,,1249,,0,,5,,,
11/28/2012,760.34,,1775987,,-4759,,3071900,,-1295913,,5639,,3883,,7,,3910,,0.84,,5.84,,,
11/29/2012,760.87,,1781134,,5147,,3008900,,-1227766,,3972,,5698,,11,,7733,,0.68,,6.52,,,
11/30/2012,769.01,,1861555,,80421,,2865200,,-1003645,,1853,,42777,,33,,53078,,1.04,,7.56,,,
12/1/2012,776.26,,1935350,,73795,,2788000,,-852650,,1732,,39306,,0,,47523,,1.48,,9.04,,,
12/2/2012,790.14,,2082491,,147141,,2788000,,-705509,,1546,,75258,,0,,92759,,1,,10.04,,,
12/3/2012,794.7,,2132527,,50036,,2788000,,-655473,,2966,,28191,,0,,33076,,0,,10.04,,,
12/4/2012,797.1,,2159200,,26674,,2788000,,-628800,,4538,,18042,,0,,22536,,0.72,,10.76,,,
12/5/2012,800.76,,2200332,,41131,,2788000,,-587668,,3353,,23986,,12,,30344,,0.6,,11.36,,,
12/6/2012,803.14,,2227372,,27040,,2788000,,-560628,,3309,,16997,,0,,19454,,0,,11.36,,,
12/7/2012,804.91,,2247631,,20259,,2788000,,-540369,,1811,,11994,,28,,13309,,0,,11.36,,,
12/8/2012,806.26,,2263171,,15540,,2788000,,-524829,,1669,,9572,,12,,10242,,0,,11.36,,,
12/9/2012,807.46,,2277047,,13876,,2788000,,-510953,,1688,,8703,,20,,8838,,0,,11.36,,,
12/10/2012,808.05,,2283890,,6843,,2788000,,-504110,,3438,,6979,,32,,7003,,0,,11.36,,,
12/11/2012,808.83,,2292960,,9071,,2788000,,-495040,,2146,,6668,,8,,6766,,0.04,,11.4,,,
12/12/2012,809.59,,2301822,,8861,,2788000,,-486178,,2126,,6651,,0,,7104,,0.12,,11.52,,,
12/13/2012,810.36,,2310824,,9002,,2794400,,-483576,,2101,,6600,,20,,6717,,0,,11.52,,,
12/14/2012,810.75,,2315394,,4570,,2810700,,-495306,,2391,,4706,,12,,5461,,0,,11.52,,,
12/15/2012,811.21,,2320791,,5397,,2824500,,-503709,,2359,,5147,,8,,5928,,0.12,,11.64,,,
12/16/2012,811.31,,2321965,,1174,,2814400,,-492435,,3156,,3807,,0,,4502,,0.2,,11.84,,,
12/17/2012,812.79,,2339395,,17430,,2788000,,-448605,,2487,,11226,,12,,13255,,0.36,,12.2,,,
12/18/2012,813.75,,2350750,,11355,,2803200,,-452450,,2742,,8418,,12,,9044,,0.04,,12.24,,,
12/19/2012,814.13,,2355255,,4505,,2818700,,-463445,,2742,,5110,,37,,5028,,0,,12.24,,,
12/20/2012,814.67,,2361668,,6413,,2833800,,-472132,,2991,,6189,,25,,6028,,0,,12.24,,,
12/21/2012,815.57,,2372382,,10714,,2788000,,-415618,,2994,,8456,,62,,11608,,1.76,,14,,,
12/22/2012,817.52,,2395711,,23329,,2788000,,-392289,,1717,,13485,,9,,16365,,1.32,,15.32,,,
12/23/2012,820.19,,2427872,,32161,,2788000,,-360128,,774,,17019,,13,,20341,,1.32,,16.64,,,
12/24/2012,822,,2449882,,22010,,2788000,,-338118,,2975,,14126,,55,,14459,,0,,16.64,,,
12/25/2012,823.33,,2466145,,16263,,2788000,,-321855,,2943,,11154,,13,,12039,,0.6,,17.24,,,
12/26/2012,824.54,,2481005,,14860,,2788000,,-306995,,2962,,10454,,0,,10873,,0.16,,17.4,,,
12/27/2012,825.37,,2491236,,10231,,2788000,,-296764,,2959,,8179,,0,,7832,,0,,17.4,,,
12/28/2012,826.05,,2499639,,8403,,2788000,,-288361,,2942,,7138,,22,,7172,,0,,17.4,,,
12/29/2012,826.83,,2509302,,9664,,2788000,,-278698,,1472,,6357,,13,,6328,,0,,17.4,,,
12/30/2012,827.63,,2519241,,9938,,2788000,,-268759,,1268,,6287,,9,,6166,,0,,17.4,,,
12/31/2012,828.09,,2524968,,5727,,2788000,,-263032,,2925,,5936,,61,,5477,,0,,17.4,,,
1/1/2013,828.38,,2528583,,3615,,2788000,,-259417,,2920,,4697,,17,,4445,,0,,17.4,,,
1/2/2013,828.73,,2532951,,4368,,2788000,,-255049,,2897,,5122,,23,,4781,,0,,17.4,,,
1/3/2013,829.07,,2537200,,4249,,2788000,,-250800,,2898,,5118,,16,,4543,,0,,17.4,,,
1/4/2013,829.31,,2540202,,3002,,2792500,,-252298,,2954,,4424,,19,,4158,,0,,17.4,,,
1/5/2013,829.89,,2547466,,7264,,2807300,,-259834,,1216,,4890,,12,,4565,,0.08,,17.48,,,
1/6/2013,830.46,,2554620,,7154,,2822800,,-268180,,1672,,5357,,16,,4433,,0.08,,17.56,,,
1/7/2013,830.71,,2557762,,3142,,2837200,,-279438,,3450,,4987,,16,,4116,,0,,17.56,,,
1/8/2013,830.9,,2560152,,2390,,2851700,,-291548,,2979,,4192,,8,,4492,e,0,,17.56,,,
1/9/2013,831.24,,2564431,,4279,,2850800,,-286369,,2995,,5161,,8,,4492,e,0.16,,17.72,,,
1/10/2013,831.56,,2568464,,4033,,2862500,,-294036,,2967,,5005,,4,,4139,,0,,17.72,,,
1/11/2013,831.91,,2572880,,4416,,2876200,,-303320,,2953,,5252,,8,,4077,e,0,,17.72,,,
1/12/2013,832.5,,2580337,,7457,,2890100,,-309763,,1333,,5037,,8,,4077,e,0,,17.72,,,
1/13/2013,833,,2586668,,6331,,2903500,,-316832,,1529,,4729,,8,,3413,,0,,17.72,,,
1/14/2013,833.39,,2591613,,4945,,2916500,,-324887,,2340,,4968,,71,,4143,,0,,17.72,,,
1/15/2013,833.68,,2595294,,3682,,2928700,,-333406,,2691,,4598,,51,,2785,,0,,17.72,,,
1/16/2013,834.13,,2601015,,5720,,2941000,,-339985,,1708,,4612,,20,,3465,,0,,17.72,,,
1/17/2013,834.6,,2606998,,5983,,2952900,,-345902,,1470,,4439,,16,,3598,,0,,17.72,,,
1/18/2013,835.03,,2612482,,5484,,2964400,,-351918,,1762,,4538,,12,,3516,,0,,17.72,,,
1/19/2013,835.41,,2617333,,4851,,2975600,,-358267,,1606,,4132,,16,,3081,,0,,17.72,,,
1/20/2013,835.8,,2622320,,4987,,2986500,,-364180,,1568,,4098,,16,,3624,,0,,17.72,,,
1/21/2013,836.23,,2627825,,5505,,2997100,,-369275,,1588,,4334,,36,,3368,,0,,17.72,,,
1/22/2013,836.66,,2633338,,5513,,3007300,,-373962,,1595,,4411,,36,,3520,,0,,17.72,,,
1/23/2013,837.01,,2637832,,4494,,3011200,,-373368,,1598,,3960,,32,,3028,,0.28,,18,,,
1/24/2013,837.61,,2645548,,7716,,3015000,,-369452,,1561,,5460,,8,,5533,,0.04,,18.04,,,
1/25/2013,838.07,,2651474,,5926,,3020700,,-369226,,1699,,4642,,20,,4856,,0.08,,18.12,,,
1/26/2013,838.55,,2657667,,6193,,3025700,,-368033,,1591,,4725,,12,,5925,,0.32,,18.44,,,
1/27/2013,839.08,,2664518,,6851,,3031100,,-366582,,1601,,5132,,12,,6416,,0,,18.44,,,
1/28/2013,839.59,,2671122,,6604,,3039800,,-368678,,1591,,4960,,40,,5480,,0,,18.44,,,
1/29/2013,840.14,,2678266,,7144,,3048200,,-369934,,1485,,5041,,24,,5232,,0,,18.44,,,
1/30/2013,840.65,,2684889,,6623,,3056400,,-371511,,1500,,4941,,36,,4919,,0,,18.44,,,
1/31/2013,841.19,,2691914,,7025,,3064900,,-372986,,1479,,4983,,28,,5011,,0,,18.44,,,
2/1/2013,841.72,,2698821,,6907,,3073100,,-374279,,1383,,4964,,32,,4987,,0,,18.44,,,
2/2/2013,842.16,,2704565,,5744,,3081000,,-376435,,1358,,4273,,19,,4697,,0,,18.44,,,
2/3/2013,842.7,,2711626,,7061,,3088700,,-377074,,1385,,4897,,19,,4955,,0,,18.44,,,
2/4/2013,843.17,,2717782,,6156,,3096200,,-378418,,1384,,4521,,34,,4698,,0,,18.44,,,
2/5/2013,843.69,,2724605,,6823,,3103500,,-378895,,1372,,4841,,30,,4945,,0,,18.44,,,
2/6/2013,844.15,,2730650,,6045,,3110500,,-379850,,1641,,4777,,23,,4730,,0,,18.44,,,
2/7/2013,844.58,,2736310,,5660,,3113300,,-376990,,1394,,4270,,23,,5121,,0.4,,18.84,,,
2/8/2013,845.05,,2742504,,6194,,3118600,,-376096,,1382,,4653,,15,,4647,,0,,18.84,,,
2/9/2013,845.48,,2748181,,5677,,3124100,,-375919,,1510,,4255,,15,,4066,,0,,18.84,,,
2/10/2013,845.91,,2753866,,5685,,3130100,,-376234,,1348,,4232,,19,,4128,,0,,18.84,,,
2/11/2013,846.34,,2759559,,5693,,3135800,,-376241,,1215,,4101,,83,,3819,,0,,18.84,,,
2/12/2013,846.72,,2764596,,5038,,3138400,,-373804,,1603,,4255,,45,,4196,,0,,18.84,,,
2/13/2013,847.07,,2769243,,4646,,3144400,,-375157,,1415,,3717,,27,,3363,,0,,18.84,,,
2/14/2013,847.44,,2774160,,4917,,3150200,,-376040,,1402,,3907,,27,,3933,e,0,,18.84,,,
2/15/2013,847.87,,2779882,,5723,,3155800,,-375918,,1306,,4275,,84,,3933,e,0,,18.84,,,
2/16/2013,848.32,,2785880,,5997,,3161300,,-375420,,1031,,4148,,27,,3973,,0,,18.84,,,
2/17/2013,848.72,,2791218,,5338,,3163000,,-371782,,1030,,3677,,23,,3746,,0,,18.84,,,
2/18/2013,849.15,,2796966,,5748,,3163000,,-366034,,1060,,3977,,19,,3973,,0,,18.84,,,
2/19/2013,849.69,,2804195,,7229,,3163000,,-358805,,1101,,4916,,103,,5403,,0.4,,19.24,,,
2/20/2013,850.12,,2809960,,5766,,3158400,,-348440,,1090,,4017,,19,,3843,,0,,19.24,,,
2/21/2013,850.59,,2816273,,6312,,3162300,,-346027,,1081,,4218,,23,,4540,,0,,19.24,,,
2/22/2013,851.02,,2822056,,5783,,3163000,,-340944,,1045,,4075,,46,,3410,,0,,19.24,,,
2/23/2013,851.32,,2826095,,4039,,3163000,,-336905,,991,,3054,,27,,3291,,0,,19.24,,,
2/24/2013,851.64,,2830409,,4314,,3163000,,-332591,,917,,3051,,27,,2670,,0,,19.24,,,
2/25/2013,852.09,,2836483,,6074,,3163000,,-326517,,1146,,4228,,89,,3191,e,0,,19.24,,,
2/26/2013,852.27,,2838915,,2432,,3163000,,-324085,,1706,,3137,,69,,3191,e,0,,19.24,,,
2/27/2013,852.56,,2842836,,3921,,3163000,,-320164,,1536,,3609,,96,,2968,,0,,19.24,,,
2/28/2013,852.95,,2848116,,5280,,3163000,,-314884,,1482,,4274,,62,,3670,,0,,19.24,,,
3/1/2013,853.29,,2852724,,4608,,3163000,,-310276,,1440,,3682,,55,,3524,,0,,19.24,,,
3/2/2013,853.65,,2857610,,4886,,3163000,,-305390,,1410,,3992,,51,,3996,,0,,19.24,,,
3/3/2013,854.1,,2863724,,6114,,3163000,,-299276,,1343,,4474,,48,,5195,,0.12,,19.36,,,
3/4/2013,854.48,,2868894,,5170,,3163000,,-294106,,1928,,4542,,8,,5372,,0,,19.36,,,
3/5/2013,854.73,,2872300,,3406,,3163000,,-290700,,2535,,4568,,41,,4982,,0.32,,19.68,,,
3/6/2013,855.25,,2879392,,7092,,3163000,,-283608,,1983,,5347,,63,,8037,,0.6,,20.28,,,
3/7/2013,855.44,,2881986,,2595,,3163000,,-281014,,3230,,4496,,26,,5242,,0,,20.28,,,
3/8/2013,855.8,,2886907,,4920,,3163000,,-276093,,1931,,4453,,41,,5003,,0,,20.28,,,
3/9/2013,855.88,,2888001,,1094,,3163000,,-274999,,3416,,4143,,37,,4684,,0,,20.28,,,
3/10/2013,855.93,,2888685,,684,,3163000,,-274315,,3349,,3594,,37,,4465,e,0,,20.28,,,
3/11/2013,855.89,,2888138,,-547,,3163000,,-274862,,3755,,3587,,108,,4465,e,0,,20.28,,,
3/12/2013,855.8,,2886907,,-1231,,3163000,,-276093,,4456,,3884,,48,,4814,,0,,20.28,,,
3/13/2013,855.49,,2882670,,-4237,,3163000,,-280330,,4815,,2735,,56,,4310,,0,,20.28,,,
3/14/2013,855.31,,2880211,,-2459,,3163000,,-282789,,5281,,4177,,67,,5995,,0,,20.28,,,
3/15/2013,855.26,,2879529,,-682,,3163000,,-283471,,5282,,5005,,67,,6923,,0,,20.28,,,
3/16/2013,855.33,,2880484,,956,,3163000,,-282516,,4334,,4734,,56,,6512,,0,,20.28,,,
3/17/2013,855.5,,2882806,,2321,,3163000,,-280194,,3410,,4706,,56,,6230,,0,,20.28,,,
3/18/2013,855.28,,2879802,,-3004,,3163000,,-283198,,4883,,3527,,90,,5125,,0,,20.28,,,
3/19/2013,855.36,,2880894,,1092,,3163000,,-282106,,4228,,4830,,52,,6727,,0.16,,20.44,,,
3/20/2013,856.35,,2894435,,13541,,3156200,,-261765,,2785,,9711,,30,,13875,,0.72,,21.16,,,
3/21/2013,857.39,,2908709,,14274,,3161200,,-252491,,2774,,9928,,26,,13204,,0,,21.16,,,
3/22/2013,858.01,,2917242,,8533,,3163000,,-245758,,2760,,7053,,60,,8867,,0,,21.16,,,
3/23/2013,858.65,,2926069,,8827,,3163000,,-236931,,1548,,5985,,56,,7942,,0,,21.16,,,
3/24/2013,859.24,,2934222,,8153,,3163000,,-228778,,1537,,5843,,56,,7454,,0,,21.16,,,
3/25/2013,859.59,,2939067,,4845,,3163000,,-223933,,2854,,5359,,132,,6859,,0,,21.16,,,
3/26/2013,859.98,,2944471,,5404,,3163000,,-218529,,2072,,4865,,68,,6164,,0,,21.16,,,
3/27/2013,860.37,,2949883,,5412,,3163000,,-213117,,2068,,4927,,60,,6228,,0,,21.16,,,
3/28/2013,860.87,,2956832,,6949,,3163000,,-206168,,1539,,5028,,56,,6705,,0.08,,21.24,,,
3/29/2013,861.21,,2961564,,4732,,3163000,,-201436,,2203,,4642,,53,,6123,,0,,21.24,,,
3/30/2013,861.82,,2970066,,8502,,3163000,,-192934,,1391,,5582,,45,,6781,,0,,21.24,,,
3/31/2013,862.67,,2981941,,11875,,3158900,,-176959,,1362,,7677,,46,,10749,,0.64,,21.88,,,
4/1/2013,863.16,,2988803,,6862,,3167100,,-178297,,2792,,6284,,103,,8680,,0.08,,21.96,,,
4/2/2013,863.57,,2994553,,5750,,3182400,,-187847,,3170,,6047,,49,,8253,,0,,21.96,,,
4/3/2013,863.84,,2998344,,3791,,3192600,,-194256,,3358,,5333,,64,,6850,,0,,21.96,,,
4/4/2013,864.22,,3003684,,5340,,3192000,,-188316,,3590,,6409,,56,,8862,,0.4,,22.36,,,
4/5/2013,864.79,,3011708,,8024,,3206000,,-194292,,2954,,6873,,15,,9089,,0,,22.36,,,
4/6/2013,865.44,,3020877,,9169,,3220800,,-199923,,1511,,6306,,30,,7916,,0,,22.36,,,
4/7/2013,866.1,,3030206,,9329,,3223400,,-193194,,1400,,6063,,30,,8462,,0.08,,22.44,,,
4/8/2013,866.59,,3037146,,6940,,3231800,,-194654,,2932,,6589,,87,,8100,,0.12,,22.56,,,
4/9/2013,866.95,,3042252,,5106,,3247200,,-204948,,2939,,5672,,88,,7593,,0,,22.56,,,
4/10/2013,867.38,,3048358,,6106,,3261700,,-213342,,2258,,5300,,107,,6769,,0,,22.56,,,
4/11/2013,867.86,,3055184,,6827,,3271600,,-216416,,1227,,4828,,88,,6333,,0,,22.56,,,
4/12/2013,868.38,,3062593,,7408,,3281400,,-218807,,1230,,4992,,99,,6280,,0,,22.56,,,
4/13/2013,868.91,,3070156,,7563,,3291300,,-221144,,1162,,5135,,88,,5746,,0,,22.56,,,
4/14/2013,869.41,,3077303,,7147,,3301200,,-223897,,2357,,6134,,173,,6071,e,0,,22.56,,,
4/15/2013,869.78,,3082600,,5297,,3311000,,-228400,,1278,,4045,,96,,6071,e,0,,22.56,,,
4/16/2013,870.15,,3087903,,5303,,3320900,,-232997,,1616,,4378,,89,,5229,,0,,22.56,,,
4/17/2013,870.42,,3091776,,3874,,3330800,,-239024,,2044,,4094,,96,,4575,,0,,22.56,,,
4/18/2013,870.66,,3095223,,3446,,3340600,,-245377,,1984,,3826,,104,,4445,,0,,22.56,,,
4/19/2013,870.81,,3097378,,2156,,3350500,,-253122,,2504,,3714,,124,,4752,,0,,22.56,,,
4/20/2013,871.19,,3102844,,5465,,3360400,,-257556,,1020,,3799,,96,,4447,,0,,22.56,,,
4/21/2013,871.59,,3108604,,5760,,3370200,,-261596,,967,,4040,,96,,4586,,0,,22.56,,,
4/22/2013,871.7,,3110189,,1585,,3380100,,-269911,,2830,,3861,,159,,4216,,0,,22.56,,,
4/23/2013,871.75,,3110910,,721,,3390000,,-279090,,2864,,3355,,201,,3913,,0,,22.56,,,
4/24/2013,871.48,,3107018,,-3892,,3399800,,-292782,,4299,,2508,,170,,2826,,0,,22.56,,,
4/25/2013,871.04,,3100685,,-6333,,3409700,,-309015,,5882,,2859,,170,,3269,,0,,22.56,,,
4/26/2013,870.3,,3090054,,-10630,,3419600,,-329546,,7819,,2560,,100,,3695,,0,,22.56,,,
4/27/2013,869.41,,3077303,,-12752,,3429400,,-352097,,8851,,2538,,115,,3424,,0,,22.56,,,
4/28/2013,868.59,,3065588,,-11715,,3439300,,-373712,,8851,,3059,,115,,3819,,0,,22.56,,,
4/29/2013,867.71,,3053050,,-12537,,3449200,,-396150,,9103,,2893,,111,,3330,,0,,22.56,,,
4/30/2013,866.82,,3040407,,-12644,,3459100,,-418693,,8876,,2717,,145,,2821,,0,,22.56,,,
5/1/2013,866.27,,3032613,,-7794,,3468900,,-436287,,6776,,3025,,179,,3016,,0,,22.56,,,
5/2/2013,865.77,,3025539,,-7074,,3478800,,-453261,,6253,,2981,,294,,3181,,0,,22.56,,,
5/3/2013,865.41,,3020452,,-5086,,3488700,,-468248,,5580,,3184,,168,,3471,,0,,22.56,,,
5/4/2013,865.05,,3015373,,-5080,,3498500,,-483127,,5307,,2864,,117,,3691,,0.04,,22.6,,,
5/5/2013,864.63,,3009454,,-5918,,3508400,,-498946,,5278,,2320,,97,,3459,e,0,,22.6,,,
5/6/2013,864.31,,3004950,,-4505,,3518300,,-513350,,5204,,3163,,229,,3458,e,0.24,,22.84,,,
5/7/2013,863.95,,2999889,,-5061,,3528100,,-528211,,5203,,2659,,8,,3685,,0,,22.84,,,
5/8/2013,863.47,,2993149,,-6740,,3538000,,-544851,,6597,,3328,,58,,3555,,0.04,,22.88,,,
5/9/2013,862.72,,2982641,,-10508,,3538000,,-555359,,7783,,2476,,62,,3668,,0,,22.88,,,
5/10/2013,862.05,,2973276,,-9365,,3538000,,-564724,,7119,,2482,,85,,3067,,0,,22.88,,,
5/11/2013,861.41,,2964348,,-8927,,3538000,,-573652,,7122,,2718,,97,,3226,,0,,22.88,,,
5/12/2013,860.76,,2955302,,-9047,,3538000,,-582698,,7127,,2733,,96,,3079,,0,,22.88,,,
5/13/2013,860.17,,2947107,,-8195,,3538000,,-590893,,6764,,2762,,200,,3152,,0,,22.88,,,
5/14/2013,859.62,,2939482,,-7625,,3538000,,-598518,,5898,,2280,,157,,2551,,0,,22.88,,,
5/15/2013,859.2,,2933669,,-5813,,3538000,,-604331,,5797,,2931,,134,,3200,,0,,22.88,,,
5/16/2013,858.64,,2925931,,-7738,,3538000,,-612069,,5797,,2080,,114,,2433,,0,,22.88,,,
5/17/2013,858.11,,2918620,,-7311,,3538000,,-619380,,5796,,2129,,88,,3374,,0,,22.88,,,
5/18/2013,857.6,,2911597,,-7023,,3538000,,-626403,,5795,,2349,,95,,2711,,0,,22.88,,,
5/19/2013,857.07,,2904312,,-7285,,3538000,,-633688,,5794,,2285,,95,,2551,,0,,22.88,,,
5/20/2013,856.57,,2897451,,-6861,,3538000,,-640549,,5985,,2665,,209,,2000,e,0,,22.88,,,
5/21/2013,856.15,,2891696,,-5754,,3538000,,-646304,,4511,,1696,,155,,2000,e,0,,22.88,,,
5/22/2013,855.62,,2884446,,-7251,,3538000,,-653554,,5828,,2423,,182,,1869,e,0,,22.88,,,
5/23/2013,855.02,,2876254,,-8192,,3538000,,-661746,,5829,,1828,,129,,1868,e,0,,22.88,,,
5/24/2013,854.5,,2869167,,-7087,,3538000,,-668833,,5835,,2383,,121,,2089,,0,,22.88,,,
5/25/2013,853.85,,2860325,,-8842,,3538000,,-677675,,6552,,2276,,113,,2011,e,0,,22.88,,,
5/26/2013,852.77,,2845678,,-14647,,3538000,,-692322,,8565,,1156,,113,,2012,e,0,,22.88,,,
5/27/2013,851.91,,2834052,,-11626,,3538000,,-703948,,7365,,1598,,94,,1898,,0.12,,23,,,
5/28/2013,851.48,,2828251,,-5801,,3538000,,-709749,,5421,,2624,,60,,2873,,0,,23,,,
5/29/2013,851.13,,2823536,,-4715,,3538000,,-714464,,4290,,2052,,71,,1779,,0,,23,,,
5/30/2013,850.7,,2817751,,-5785,,3538000,,-720249,,4373,,1519,,131,,1672,,0,,23,,,
5/31/2013,850.28,,2812108,,-5642,,3538000,,-725892,,4301,,1677,,153,,1610,,0,,23,,,
6/1/2013,849.63,,2803391,,-8718,,3538000,,-734609,,6023,,1776,,148,,2659,,0,,23,,,
6/2/2013,848.97,,2794558,,-8832,,3538000,,-743442,,6028,,1663,,155,,2030,,0,,23,,,
6/3/2013,848.25,,2784946,,-9612,,3538000,,-753054,,6030,,1447,,197,,1945,,0,,23,,,
6/4/2013,847.79,,2778817,,-6130,,3538000,,-759183,,4195,,1464,,158,,1985,,0,,23,,,
6/5/2013,847.53,,2775358,,-3459,,3538000,,-762642,,3439,,1554,,128,,1732,,0,,23,,,
6/6/2013,847.27,,2771900,,-3458,,3538000,,-766100,,3896,,2339,,119,,1948,,0,,23,,,
6/7/2013,846.83,,2766057,,-5843,,3538000,,-771943,,4868,,1941,,153,,1914,e,0,,23,,,
6/8/2013,846.46,,2761150,,-4907,,3538000,,-776850,,4155,,1940,,192,,1914,e,0,,23,,,
6/9/2013,846.23,,2758102,,-3048,,3538000,,-779898,,3489,,2039,,153,,1931,,0,,23,,,
6/10/2013,845.83,,2752808,,-5294,,3538000,,-785192,,4010,,1618,,211,,1745,e,0.04,,23.04,,,
6/11/2013,845.4,,2747125,,-5683,,3538000,,-790875,,4320,,1567,,46,,1557,,0,,23.04,,,
6/12/2013,844.96,,2741318,,-5807,,3538000,,-796682,,4384,,1511,,122,,1745,e,0,,23.04,,,
6/13/2013,844.6,,2736572,,-4746,,3538000,,-801428,,4332,,2078,,138,,1883,,0,,23.04,,,
6/14/2013,844.14,,2730518,,-6053,,3538000,,-807482,,4353,,1527,,160,,1521,,0,,23.04,,,
6/15/2013,843.74,,2725261,,-5258,,3538000,,-812739,,4352,,1835,,133,,1534,,0,,23.04,,,
6/16/2013,843.27,,2719094,,-6167,,3538000,,-818906,,4680,,1685,,114,,1216,,0,,23.04,,,
6/17/2013,842.77,,2712542,,-6551,,3538000,,-825458,,4876,,1749,,242,,1516,e,0,,23.04,,,
6/18/2013,842.28,,2706134,,-6409,,3538000,,-831866,,4881,,1736,,152,,1345,,0,,23.04,,,
6/19/2013,841.89,,2701040,,-5094,,3538000,,-836960,,4881,,2504,,125,,1516,e,0,,23.04,,,
6/20/2013,841.36,,2694128,,-6912,,3538000,,-843872,,5360,,2151,,144,,1897,e,0,,23.04,,,
6/21/2013,840.58,,2683980,,-10148,,3538000,,-854020,,6674,,1584,,158,,1897,e,0,,23.04,,,
6/22/2013,839.45,,2669308,,-14672,,3538000,,-868692,,9482,,2241,,151,,1761,e,0,,23.04,,,
6/23/2013,838.16,,2652634,,-16674,,3538000,,-885366,,9616,,1276,,131,,1760,e,0,,23.04,,,
6/24/2013,836.87,,2636034,,-16600,,3538000,,-901966,,9611,,1418,,112,,1943,,0.2,,23.24,,,
6/25/2013,835.94,,2624112,,-11922,,3538000,,-913888,,8394,,2800,,30,,3339,,0.68,,23.92,,,
6/26/2013,835.01,,2612226,,-11885,,3538000,,-925774,,8145,,1841,,11,,2711,,0,,23.92,,,
6/27/2013,834.05,,2599997,,-12230,,3538000,,-938003,,8145,,2022,,107,,1638,,0,,23.92,,,
6/28/2013,833,,2586668,,-13329,,3538000,,-951332,,8700,,2126,,147,,1601,e,0,,23.92,,,
6/29/2013,831.82,,2571744,,-14923,,3538000,,-966256,,8946,,1605,,184,,1600,e,0,,23.92,,,
6/30/2013,830.71,,2557762,,-13983,,3538000,,-980238,,8944,,2141,,183,,1437,,0,,23.92,,,
7/1/2013,829.49,,2542454,,-15308,,3538000,,-995546,,8915,,1397,,200,,1310,e,0,,23.92,,,
7/2/2013,828.31,,2527710,,-14744,,3538000,,-1010290,,8916,,1599,,180,,1310,e,0,,23.92,,,
7/3/2013,827.23,,2514268,,-13442,,3538000,,-1023732,,8446,,1841,,172,,1290,e,0,,23.92,,,
7/4/2013,826.23,,2501866,,-12402,,3538000,,-1036134,,7683,,1620,,190,,1289,e,0,,23.92,,,
7/5/2013,825.1,,2487904,,-13962,,3538000,,-1050096,,8223,,1345,,223,,1143,e,0,,23.92,,,
7/6/2013,824.19,,2476700,,-11203,,3538000,,-1061300,,7018,,1547,,177,,1142,e,0,,23.92,,,
7/7/2013,823.26,,2465287,,-11414,,3538000,,-1072713,,7449,,1921,,165,,948,,0,,23.92,,,
7/8/2013,822.2,,2452323,,-12964,,3538000,,-1085677,,7807,,1352,,143,,745,,0,,23.92,,,
7/9/2013,821.2,,2440137,,-12186,,3538000,,-1097863,,7689,,1736,,191,,824,e,0,,23.92,,,
7/10/2013,820.17,,2427630,,-12507,,3538000,,-1110370,,7819,,1722,,208,,824,e,0,,23.92,,,
7/11/2013,819.06,,2414247,,-13383,,3538000,,-1123753,,8066,,1482,,182,,824,e,0,,23.92,,,
7/12/2013,817.75,,2398473,,-15774,,3538000,,-1139527,,8899,,1043,,155,,769,e,0,,23.92,,,
7/13/2013,816.49,,2383368,,-15104,,3538000,,-1154632,,8878,,1446,,122,,768,e,0,,23.92,,,
7/14/2013,815.22,,2368211,,-15158,,3538000,,-1169789,,8742,,1271,,110,,825,e,0,,23.92,,,
7/15/2013,814.41,,2358578,,-9632,,3538000,,-1179422,,5915,,1209,,269,,825,e,0,,23.92,,,
7/16/2013,813.61,,2349092,,-9487,,3538000,,-1188908,,6046,,1476,,152,,1025,,0,,23.92,,,
7/17/2013,812.78,,2339278,,-9814,,3538000,,-1198722,,6087,,1318,,119,,1034,e,0,,23.92,,,
7/18/2013,812.17,,2332082,,-7196,,3538000,,-1205918,,5045,,1500,,141,,1034,e,0,,23.92,,,
7/19/2013,810.89,,2317035,,-15047,,3538000,,-1220965,,8939,,1561,,148,,1016,,0,,23.92,,,
7/20/2013,809.6,,2301938,,-15096,,3538000,,-1236062,,8969,,1538,,179,,1145,,0,,23.92,,,
7/21/2013,808.29,,2286678,,-15261,,3538000,,-1251322,,8956,,1384,,179,,831,,0,,23.92,,,
7/22/2013,807.45,,2276931,,-9747,,3538000,,-1261069,,6363,,1556,,107,,791,,0,,23.92,,,
7/23/2013,806.22,,2262709,,-14222,,3538000,,-1275291,,8385,,1358,,142,,923,,0,,23.92,,,
7/24/2013,804.86,,2247058,,-15651,,3538000,,-1290942,,8919,,1224,,138,,957,e,0,,23.92,,,
7/25/2013,803.51,,2231596,,-15462,,3538000,,-1306404,,8864,,1224,,154,,957,e,0,,23.92,,,
7/26/2013,802.13,,2215868,,-15728,,3538000,,-1322132,,8903,,1071,,154,,866,,0,,23.92,,,
7/27/2013,800.58,,2198296,,-17572,,3538000,,-1339704,,9282,,563,,139,,579,e,0,,23.92,,,
7/28/2013,799.3,,2183858,,-14437,,3538000,,-1354142,,9139,,1999,,139,,578,e,0,,23.92,,,
7/29/2013,797.92,,2168368,,-15491,,3538000,,-1369632,,8754,,1146,,145,,407,,0,,23.92,,,
7/30/2013,796.82,,2156077,,-12291,,3538000,,-1381923,,7386,,1254,,120,,448,,0,,23.92,,,
7/31/2013,795.71,,2143724,,-12353,,3538000,,-1394276,,7481,,1424,,115,,583,,0,,23.92,,,
8/1/2013,794.53,,2130646,,-13077,,3538000,,-1407354,,7798,,1271,,122,,556,r,0,,23.92,,,
8/2/2013,793.34,,2117516,,-13131,,3538000,,-1420484,,7925,,1499,,139,,635,e,0,,23.92,,,
8/3/2013,792.48,,2108061,,-9455,,3538000,,-1429939,,6080,,1456,,142,,635,e,0,,23.92,,,
8/4/2013,791.59,,2098310,,-9751,,3538000,,-1439690,,6089,,1259,,142,,1171,r,0,,23.92,,,
8/5/2013,790.37,,2084994,,-13316,,3538000,,-1453006,,8083,,1562,,138,,766,r,0,,23.92,,,
8/6/2013,789.12,,2071413,,-13581,,3538000,,-1466587,,8183,,1353,,127,,714,r,0,,23.92,,,
8/7/2013,787.76,,2056710,,-14703,,3538000,,-1481290,,8145,,960,,119,,731,e,0,,23.92,,,
8/8/2013,786.61,,2044334,,-12376,,3538000,,-1493666,,7606,,1461,,94,,731,e,0,,23.92,,,
8/9/2013,785.47,,2032119,,-12215,,3538000,,-1505881,,7361,,1259,,111,,718,r,0,,23.92,,,
8/10/2013,784.61,,2022939,,-9180,,3538000,,-1515061,,5662,,1144,,110,,805,r,0,,23.92,,,
8/11/2013,783.5,,2011135,,-11804,,3538000,,-1526865,,6985,,1147,,113,,802,r,0,,23.92,,,
8/12/2013,782.35,,1998956,,-12178,,3538000,,-1539044,,7397,,1430,,119,,687,e,0,,23.92,,,
8/13/2013,781.2,,1986832,,-12125,,3538000,,-1551168,,7452,,1420,,133,,911,e,0,,23.92,,,
8/14/2013,779.96,,1973818,,-13014,,3538000,,-1564182,,7584,,1169,,146,,910,e,0,,23.92,,,
8/15/2013,778.73,,1960969,,-12849,,3538000,,-1577031,,7403,,1130,,152,,686,e,0,,23.92,,,
8/16/2013,777.55,,1948700,,-12269,,3538000,,-1589300,,7535,,1474,,125,,795,r,0,,23.92,,,
8/17/2013,776.29,,1935660,,-13040,,3538000,,-1602340,,7649,,1260,,134,,798,r,0,,23.92,,,
8/18/2013,775,,1922375,,-13285,,3538000,,-1615625,,7679,,1011,,133,,815,r,0,,23.92,,,
8/19/2013,773.78,,1909873,,-12502,,3538000,,-1628127,,7626,,1457,,83,,1010,e,0,,23.92,,,
8/20/2013,772.55,,1897327,,-12546,,3538000,,-1640673,,7493,,1195,,79,,928,r,0,,23.92,,,
8/21/2013,771.25,,1884133,,-13194,,3538000,,-1653867,,7521,,1057,,85,,1010,e,0,,23.92,,,
8/22/2013,770.13,,1872820,,-11313,,3538000,,-1665180,,7260,,1613,,108,,908,r,0,,23.92,,,
8/23/2013,769.04,,1861856,,-10964,,3538000,,-1676144,,6945,,1529,,114,,805,e,0,,23.92,,,
8/24/2013,767.99,,1851337,,-10519,,3538000,,-1686663,,6370,,1070,,104,,804,e,0,,23.92,,,
8/25/2013,767.03,,1841757,,-9580,,3538000,,-1696243,,6261,,1634,,103,,888,r,0,,23.92,,,
8/26/2013,765.89,,1830428,,-11329,,3538000,,-1707572,,6846,,1193,,109,,1231,r,0,,23.92,,,
8/27/2013,764.91,,1820728,,-9700,,3538000,,-1717272,,6897,,2116,,109,,847,e,0,,23.92,,,
8/28/2013,763.8,,1809787,,-10941,,3538000,,-1728213,,6759,,1361,,118,,941,r,0,,23.92,,,
8/29/2013,762.7,,1798992,,-10795,,3538000,,-1739008,,6681,,1352,,114,,847,e,0,,23.92,,,
8/30/2013,761.63,,1788535,,-10457,,3538000,,-1749465,,6725,,1622,,119,,1004,r,0,,23.92,,,
8/31/2013,761.11,,1783469,,-5066,,3538000,,-1754531,,4054,,1610,,110,,1044,r,0,,23.92,,,
9/1/2013,760.57,,1778219,,-5250,,3538000,,-1759781,,4061,,1475,,109,,1098,,0,,23.92,,,
9/2/2013,760.03,,1772981,,-5238,,3538000,,-1765019,,4065,,1538,,115,,1140,,0,,23.92,,,
9/3/2013,759.04,,1763386,,-9595,,3538000,,-1774614,,6354,,1598,,76,,1029,,0,,23.92,,,
9/4/2013,757.78,,1751240,,-12146,,3538000,,-1786760,,7761,,1739,,102,,977,,0,,23.92,,,
9/5/2013,756.37,,1737717,,-13523,,3538000,,-1800283,,7892,,1217,,95,,604,e,0,,23.92,,,
9/6/2013,755.15,,1726077,,-11640,,3538000,,-1811923,,7539,,1787,,116,,603,e,0,,23.92,,,
9/7/2013,754.1,,1716103,,-9974,,3538000,,-1821897,,6459,,1479,,97,,677,,0,,23.92,,,
9/8/2013,753.06,,1706265,,-9838,,3538000,,-1831735,,6480,,1617,,97,,965,,0,,23.92,,,
9/9/2013,752.82,,1704000,,-2265,,3538000,,-1834000,,2694,,1777,,225,,875,e,0,,23.92,,,
9/10/2013,752.27,,1698818,,-5182,,3538000,,-1839182,,3938,,1363,,37,,874,e,0,,23.92,,,
9/11/2013,751.91,,1695432,,-3386,,3538000,,-1842568,,3085,,1480,,102,,898,e,0,,23.92,,,
9/12/2013,751.67,,1693178,,-2254,,3538000,,-1844822,,2237,,1219,,70,,898,e,0,,23.92,,,
9/13/2013,751.51,,1691676,,-1502,,3538000,,-1846324,,2473,,1786,,70,,958,e,0,,23.92,,,
9/14/2013,751.54,,1691957,,281,,3538000,,-1846043,,2014,,2171,,64,,1064,e,0,,23.92,,,
9/15/2013,751.44,,1691019,,-938,,3538000,,-1846981,,2001,,1591,,64,,958,e,0,,23.92,,,
9/16/2013,750.66,,1683713,,-7306,,3525500,,-1841787,,3272,,-294,,117,,1064,e,0,,23.92,,,
9/17/2013,750.13,,1678762,,-4951,,3513000,,-1834238,,2867,,456,,86,,824,,0,,23.92,,,
9/18/2013,749.67,,1674472,,-4289,,3500500,,-1826028,,2746,,663,,79,,1089,,0,,23.92,,,
9/19/2013,749.24,,1670470,,-4003,,3488000,,-1817530,,2487,,579,,110,,908,,0,,23.92,,,
9/20/2013,748.71,,1665546,,-4924,,3475500,,-1809954,,2684,,293,,92,,516,,0,,23.92,,,
9/21/2013,748.31,,1661837,,-3709,,3463000,,-1801163,,2523,,662,,56,,1656,,0.68,,24.6,,,
9/22/2013,747.85,,1657578,,-4259,,3450500,,-1792922,,2522,,438,,63,,1109,,0,,24.6,,,
9/23/2013,747.47,,1654066,,-3512,,3438000,,-1783934,,2526,,905,,56,,1103,e,0,,24.6,,,
9/24/2013,746.6,,1646045,,-8021,,3425500,,-1779455,,4508,,440,,69,,1003,e,0.04,,24.64,,,
9/25/2013,746.22,,1642550,,-3495,,3413000,,-1770450,,2203,,543,,56,,836,,0,,24.64,,,
9/26/2013,745.95,,1640070,,-2480,,3400500,,-1760430,,1869,,681,,63,,836,,0,,24.64,,,
9/27/2013,745.62,,1637042,,-3028,,3388000,,-1750958,,2072,,627,,81,,963,,0,,24.64,,,
9/28/2013,745.59,,1636768,,-274,,3375500,,-1738732,,1110,,1027,,56,,933,e,0,,24.64,,,
9/29/2013,745.56,,1636492,,-276,,3363000,,-1726508,,1106,,1014,,47,,933,e,0,,24.64,,,
9/30/2013,745.21,,1633286,,-3205,,3350500,,-1717214,,2048,,537,,106,,944,e,0,r,24.64,,,
10/1/2013,744.98,,1631182,,-2105,,3338000,,-1706818,,2148,,1131,,43,,944,e,0,,0,,0,
10/2/2013,744.56,,1627344,,-3838,,3325500,,-1698156,,2503,,581,,59,,743,,0,,0,,0,
10/3/2013,744.16,,1623695,,-3649,,3313000,,-1689305,,2184,,371,,73,,817,,0,,0,,0,
10/4/2013,743.87,,1621053,,-2642,,3300500,,--,,2252,,1091,,125,,783,,0,,0,,0,
10/5/2013,743.46,,1617323,,-3730,,3288000,,--,,2250,,501,,86,,944,e,0,,0,,0,
10/6/2013,743.15,,1614507,,-2816,,3275500,,-1660993,,2167,,730,,29,,595,,0,,0,,0,
10/7/2013,743.13,,1614325,,-182,,3263000,,-1648675,,2233,,897,,219,,514,e,0,,0,,0,
10/8/2013,742.48,,1608431,,-5894,,3250500,,-1642069,,2268,,901,,95,,514,e,0,,0,,0,
10/9/2013,742.35,,1607254,,-1177,,3238000,,-1630746,,2277,,1752,,69,,934,e,0,,0,,0,
10/10/2013,742.34,,1607164,,-90,,3225500,,-1618336,,2233,,2233,,46,,856,,0,,0,,0,
10/11/2013,742.52,,1608794,,1630,,3213000,,--,,1892,,2802,,88,,934,e,0,,0,,0,
10/12/2013,742.62,,1609699,,905,,3200500,,--,,1889,,2359,,59,,1234,,0,,0,,0,
10/13/2013,742.78,,1611150,,1451,,3188000,,--,,1860,,2696,,59,,1492,,0,,0,,0,
10/14/2013,742.47,,1608340,,-2809,,3175500,,-1567160,,1886,,591,,121,,753,,0,,0,,0,
10/15/2013,742.19,,1605807,,-2534,,3163000,,-1557193,,1876,,719,,75,,550,,0,,0,,0,
10/16/2013,742,,1604089,,-1718,,3163000,,-1558911,,2025,,1250,,137,,1283,,0,,0,,0,
10/17/2013,741.66,,1601018,,-3071,,3163000,,-1561982,,2050,,642,,95,,692,,0,,0,,0,
10/18/2013,740.9,,1594169,,-6849,,3163000,,--,,4279,,853,,72,,1119,,0,,0,,0,
10/19/2013,739.97,,1585815,,-8354,,3163000,,--,,4601,,471,,81,,617,,0,,0,,0,
10/20/2013,739.11,,1578118,,-7697,,3163000,,-1584882,,4536,,723,,68,,488,,0,,0,,0,
10/21/2013,738.52,,1572852,,-5265,,3163000,,-1590148,,4816,,2273,,68,,561,,0,,0,,0,
10/22/2013,738.01,,1568311,,-4542,,3163000,,-1594689,,4825,,2555,,65,,1188,e,0,,0,,0,
10/23/2013,737.3,,1562003,,-6308,,3163000,,-1600997,,4789,,1651,,87,,1174,e,0,,0,,0,
10/24/2013,736.66,,1556333,,-5670,,3163000,,-1606667,,4829,,2092,,77,,1188,e,0,,0,,0,
10/25/2013,735.96,,1550148,,-6185,,3163000,,--,,4840,,1811,,45,,1174,e,0,,0,,0,
10/26/2013,735.62,,1547150,,-2998,,3163000,,--,,4875,,3376,,57,,2326,,0,,0,,0,
10/27/2013,735.18,,1543276,,-3874,,3163000,,-1619724,,4611,,2759,,57,,2053,,0.08,,0.08,,0,
10/28/2013,--,,1541000,e,-2276,,3163000,,-1626312,,4594,,1311,,38,,1010,e,0,,0.08,,0.08,
10/29/2013,--,,1539060,,-1940,,3163000,,--,,1071,,2243,,22,,1009,e,0,,0.08,,0,
10/30/2013,734.15,,1534237,,-4823,,3163000,,-1628766,,2484,,109,,57,,439,,0,,0.08,,0,
10/31/2013,733.48,,1528375,,-5862,,3163000,,-1634628,,3467,,543,,32,,834,,0,,0.08,,0,
11/1/2013,732.85,,1522878,,-5497,,3163000,,--,,3465,,721,,28,,897,,0,,0.08,,0,
11/2/2013,732.22,,1517394,,-5484,,3163000,,--,,3449,,711,,26,,914,,0,,0.08,,0,
11/3/2013,731.48,,1511056,,-6338,,3163000,,-1651944,,3777,,601,,20,,813,,0,,0.08,,0,
11/4/2013,730.78,,1504894,,-6162,,3163000,,-1658106,,3464,,449,,84,,859,e,0,,0.08,,0,
11/5/2013,730.28,,1500576,,-4318,,3163000,,-1662424,,2742,,676,,68,,713,,0,,0.08,,0,
11/6/2013,729.65,,1495146,,-5429,,3163000,,-1667854,,3589,,907,,55,,859,e,0,,0.08,,0,
11/7/2013,728.91,,1488787,,-6360,,3163000,,-1674213,,4074,,859,,35,,725,,0,,0.08,,0,
11/8/2013,727.97,,1480736,,-8051,,3163000,,--,,4568,,603,,51,,522,,0,,0.08,,0,
11/9/2013,726.7,,1469907,,-10829,,3163000,,-1693093,,6735,,1272,,41,,519,e,0,,0.08,,0,
11/10/2013,725.46,,1459387,,-10520,,3163000,,-1703613,,5213,,-53,,38,,519,e,0,,0.08,,0,
11/11/2013,724.88,,1454484,,-4903,,3163000,,-1708516,,3579,,1155,,48,,941,,0,,0.08,,0,
11/12/2013,724.29,,1449508,,-4976,,3163000,,-1713492,,3572,,1127,,63,,864,,0,,0.08,,0,
11/13/2013,723.65,,1444125,,-5383,,3163000,,-1718875,,3600,,962,,35,,739,,0,,0.08,,0,
11/14/2013,723.06,,1439174,,-4951,,3163000,,-1723826,,3579,,1121,,38,,709,e,0,,0.08,,0,
11/15/2013,722.44,,1433984,,-5190,,3163000,,-1729016,,3611,,944,,34,,754,e,0,,0.08,,0,
11/16/2013,721.73,,1428056,,-5928,,3163000,,-1734944,,3627,,708,,28,,709,e,0,,0.08,,0,
11/17/2013,721.1,,1422810,,-5246,,3163000,,-1740190,,3622,,1008,,31,,754,e,0,,0.08,,0,
11/18/2013,720.5,,1417827,,-4983,,3163000,,-1745173,,3585,,1119,,46,,873,,0,,0.08,,0,
11/19/2013,719.98,,1413518,,-4309,,3163000,,-1749482,,3606,,1496,,22,,2158,,1.36,,1.44,,0,
11/20/2013,719.57,,1410127,,-3391,,3163000,,-1752873,,3884,,2157,,25,,3369,,0.6,,2.04,,1.36,
11/21/2013,719.82,,1412194,,2067,,3163000,,-1750806,,870,,1927,,16,,1925,,0,,2.04,,0,
11/22/2013,720.08,,1414346,,2152,,3163000,,-1748654,,866,,2057,,65,,1009,e,0,,2.04,,0,
11/23/2013,720.13,,1414760,,414,,3163000,,-1748240,,860,,1121,,52,,1009,e,0,,2.04,,0,
11/24/2013,720.18,,1415174,,414,,3163000,,-1747826,,885,,1134,,40,,1099,,0,,2.04,,0,
11/25/2013,719.93,,1413104,,-2070,,3163000,,-1749896,,1664,,643,,65,,693,,0,,2.04,,0,
11/26/2013,719.35,,1408309,,-4795,,3163000,,-1754691,,3422,,1077,,31,,814,,0,,2.04,,0,
11/27/2013,718.78,,1403608,,-4701,,3163000,,-1759392,,3431,,954,,19,,731,,0,,2.04,,0,
11/28/2013,718.28,,1399493,,-4115,,3163000,,-1763507,,3447,,1435,,22,,1181,,0,,2.04,,0,
11/29/2013,717.72,,1394894,,-4599,,3163000,,-1768106,,3463,,1213,,28,,722,,0,,2.04,,0,
11/30/2013,717.32,,1391616,,-3278,,3163000,,--,,3468,,1834,,19,,668,e,0,,2.04,,0,
12/1/2013,716.69,,1386462,,-5154,,3163000,,-1776538,,3476,,898,,21,,668,e,0,,2.04,,0,
12/2/2013,716.14,,1381974,,-4487,,3163000,,-1781026,,3449,,1390,,40,,665,,0,,2.04,,0,
12/3/2013,715.7,,1378391,,-3584,,3163000,,-1784609,,3452,,1495,,14,,1109,,0,,2.04,,0,
12/4/2013,715.19,,1374246,,-4145,,3163000,,-1788754,,3462,,1400,,28,,1063,e,0,,2.04,,0,
12/5/2013,715.48,,1376602,,2356,,3163000,,-1786398,,1017,,2233,,28,,1063,e,0,,2.04,,0,
12/6/2013,715.63,,1377822,,1220,,3163000,,--,,1016,,1165,,25,,1310,,0.28,,2.32,,0,
12/7/2013,715.8,,1379205,,1383,,3163000,,-1783795,,1019,,2267,,17,,922,,0.12,,2.44,,0,
12/8/2013,715.89,,1379938,,733,,3163000,,-1783062,,1018,,1363,,17,,696,e,0,,2.44,,0,
12/9/2013,715.04,,1373028,,-6910,,3163000,,-1789972,,3785,,302,,0,,695,e,0,,2.44,,0,
12/10/2013,714.22,,1366385,,-6643,,3163000,,-1796615,,3453,,86,,23,,922,,0,,2.44,,0,
12/11/2013,713.54,,1360893,,-5492,,3163000,,-1802107,,3529,,809,,9,,823,e,0,,2.44,,0,
12/12/2013,712.74,,1354451,,-6442,,3163000,,-1808549,,3469,,243,,22,,823,e,0,,2.44,,0,
12/13/2013,712.02,,1348671,,-5780,,3163000,,--,,3514,,573,,14,,844,,0,,2.44,,0,
12/14/2013,711.29,,1342828,,-5843,,3163000,,--,,3486,,594,,14,,967,e,0,,2.44,,0,
12/15/2013,710.46,,1336206,,-6622,,3163000,,-1826794,,3509,,225,,14,,967,e,0,,2.44,,0,
12/16/2013,710,,1332544,,-3661,,3163000,,-1830456,,3619,,1836,,22,,919,e,0,,2.44,,0,
12/17/2013,709.2,,1326194,,-6351,,3163000,,-1836806,,3626,,357,,14,,865,,0,,2.44,,0,
12/18/2013,708.85,,1323422,,-2772,,3163000,,-1839578,,717,,-657,,22,,919,e,0,,2.44,,0,
12/19/2013,708.89,,1323739,,317,,3163000,,-1839261,,621,,794,,14,,866,,0,,2.44,,0,
12/20/2013,708.89,,1323739,,0,,3163000,,-1839261,,620,,714,,55,,944,e,0,,2.44,,0,
12/21/2013,709.06,,1325085,,1346,,3163000,,-1837915,,855,,1538,,44,,916,e,0,,2.44,,0,
12/22/2013,709.01,,1324689,,-396,,3163000,,-1838311,,874,,739,,25,,944,e,0,,2.44,,0,
12/23/2013,708.87,,1323581,,-1108,,3163000,,-1839419,,1775,,1230,,14,,860,e,0,,2.44,,0,
12/24/2013,708.16,,1317969,,-5612,,3163000,,-1845031,,3273,,534,,11,,848,,0,,2.44,,0,
12/25/2013,707.45,,1312375,,-5594,,3163000,,-1850625,,3358,,557,,19,,987,,0,,2.44,,0,
12/26/2013,706.7,,1306482,,-5893,,3163000,,-1856518,,3400,,450,,22,,860,e,0,,2.44,,0,
12/27/2013,706.04,,1301311,,-5171,,3163000,,-1861689,,3278,,685,,14,,775,e,0,,2.44,,0,
12/28/2013,705.56,,1297559,,-3752,,3163000,,-1865441,,3227,,1351,,16,,964,,0,,2.44,,0,
12/29/2013,705.06,,1293659,,-3900,,3163000,,-1869341,,3165,,1170,,11,,913,e,0,,2.44,,0,
12/30/2013,704.48,,1289144,,-4515,,3163000,,-1873856,,3416,,1202,,63,,913,,0,,2.44,,0,
12/31/2013,704.06,,1285882,,-3262,,3163000,,-1877118,,3455,,1834,,24,,913,,0,,2.44,,0,
1/1/2014,703.46,,1281231,,-4651,,3163000,,-1881769,,3312,,989,,22,,640,,0,,2.44,,0,
1/2/2014,702.95,,1277286,,-3945,,3163000,,-1885714,,3373,,1400,,15,,803,,0,,2.44,,0,
1/3/2014,702.76,,1275819,,-1467,,3163000,,--,,1135,,419,,24,,674,e,0,,2.44,,0,
1/4/2014,702.97,,1277440,,1622,,3163000,,--,,1009,,1885,,19,,673,e,0,,2.44,,0,
1/5/2014,703.02,,1277827,,386,,3163000,,-1885173,,970,,1184,,19,,706,,0,,2.44,,0,
1/6/2014,703.16,,1278909,,1082,,3163000,,-1884091,,889,,1434,,38,,1163,,0,,2.44,,0,
1/7/2014,703.35,,1280379,,1470,,3163000,,-1882621,,839,,1528,,26,,1248,,0,,2.44,,0,
1/8/2014,703.64,,1282625,,2246,,3163000,,-1880375,,849,,1959,,17,,1592,,0,,2.44,,0,
1/9/2014,703.78,,1283710,,1085,,3163000,,-1879290,,882,,1439,,10,,1214,e,0,,2.44,,0,
1/10/2014,703.85,,1284252,,542,,3163000,,-1878748,,893,,1216,,10,,1213,e,0,,2.44,,0,
1/11/2014,703.99,,1285338,,1087,,3163000,,-1877662,,775,,1331,,10,,1512,,0,,2.44,,0,
1/12/2014,704.38,,1288367,,3028,,3163000,,-1874633,,213,,1710,,10,,1503,,0,,2.44,,0,
1/13/2014,703.92,,1284795,,-3572,,3163000,,-1878205,,3004,,1257,,15,,938,,0,,2.44,,0,
1/14/2014,703.22,,1279373,,-5422,,3163000,,--,,3257,,509,,24,,1040,e,0,,2.44,,0,
1/15/2014,702.56,,1274275,,-5098,,3163000,,-1888725,,3584,,1054,,41,,800,,0,,2.44,,0,
1/16/2014,702.02,,1270114,,-4160,,3163000,,-1892886,,3311,,1254,,41,,769,,0,,2.44,,0,
1/17/2014,701.53,,1266347,,-3768,,3163000,,-1896653,,3279,,1481,,24,,995,,0,,2.44,,0,
1/18/2014,700.92,,1261666,,-4681,,3163000,,-1901334,,3281,,950,,29,,628,,0,,2.44,,0,
1/19/2014,701.28,,1264427,,2761,,3163000,,-1898573,,983,,2442,,29,,1040,e,0,,2.44,,0,
1/20/2014,701.39,,1265272,,845,,3163000,,-1897728,,858,,1313,,29,,1114,,0,,2.44,,0,
1/21/2014,701.51,,1266193,,921,,3163000,,-1896807,,910,,1410,,36,,1084,e,0,,2.44,,0,
1/22/2014,701.6,,1266884,,691,,3163000,,-1896116,,931,,1306,,26,,1084,e,0,,2.44,,0,
1/23/2014,701.77,,1268191,,1307,,3163000,,-1894809,,725,,1451,,29,,1088,,0,,2.44,,0,
1/24/2014,701.89,,1269114,,923,,3163000,,--,,823,,1336,,86,,1009,e,0,,2.44,,0,
1/25/2014,702.01,,1270038,,924,,3163000,,-1892962,,832,,1319,,60,,1009,e,0,,2.44,,0,
1/26/2014,702.08,,1270576,,538,,3163000,,-1892424,,851,,1214,,52,,1009,e,0,,2.44,,0,
1/27/2014,702.17,,1271269,,693,,3163000,,-1891731,,895,,1270,,26,,1009,e,0,,2.44,,0,
1/28/2014,702.18,,1271346,,77,,3163000,,-1891654,,764,,819,,17,,1270,,0,,2.44,,0,
1/29/2014,702.23,,1271731,,385,,3163000,,-1891269,,781,,999,,24,,2188,,0.6,,3.04,,0,
1/30/2014,701.77,,1268191,,-3540,,3163000,,-1894809,,2548,,765,,3,,1086,,0,,3.04,,0.6,
1/31/2014,700.97,,1262049,,-6142,,3163000,,-1900951,,3577,,493,,12,,1344,,0,,3.04,,0,
2/1/2014,701,,1262280,,231,,3163000,,-1900720,,611,,751,,24,,1149,,0,,3.04,,0,
2/2/2014,701.02,,1262433,,153,,3163000,,-1900567,,629,,688,,21,,1132,,0,,3.04,,0,
2/3/2014,701.03,,1262510,,77,,3163000,,-1900490,,629,,711,,5,,1056,,0,,3.04,,0,
2/4/2014,701.06,,1262740,,230,,3163000,,-1900260,,646,,739,,15,,1040,,0,,3.04,,0,
2/5/2014,701.39,,1265272,,2532,,3163000,,-1897728,,647,,1942,,18,,1794,,0.04,,3.08,,0,
2/6/2014,701.7,,1267653,,2381,,3163000,,-1895347,,835,,2049,,13,,1967,,0.4,,3.48,,0.2,
2/7/2014,702.12,,1270884,,3231,,3163000,,-1892116,,888,,2561,,5,,3221,,0.96,,4.44,,0.24,
2/8/2014,703.52,,1281696,,10812,,3069700,,-1788004,,884,,6335,,0,,8271,,2.28,,6.72,,1.04,
2/9/2014,707.14,,1309937,,28241,,2953300,,-1643363,,914,,15114,,0,,19718,,1.56,,8.28,,2.64,
2/10/2014,710.86,,1339394,,29457,,2928800,,-1589406,,127,,15073,,54,,17808,,1.04,,9.32,,2.16,
2/11/2014,712.1,,1349312,,9918,,2941100,,-1591788,,585,,5517,,12,,6591,,0,,9.32,,0,
2/12/2014,712.74,,1354451,,5139,,2953000,,-1598549,,651,,3298,,16,,4126,,0,,9.32,,0,
2/13/2014,713.21,,1358233,,3782,,2961000,,-1602767,,739,,2659,,14,,4062,,0,,9.32,,0,
2/14/2014,713.67,,1361942,,3709,,2971300,,-1610358,,472,,2385,,3,,3319,,0,,9.32,,0,
2/15/2014,714.4,,1367842,,5900,,2972300,,-1604458,,628,,3569,,7,,4941,,0.04,,9.36,,0,
2/16/2014,715.11,,1373596,,5754,,2975800,,--,,615,,3568,,12,,4640,,0.04,,9.4,,0.04,
2/17/2014,715.62,,1377740,,4144,,2986700,,-1608960,,628,,2730,,12,,2789,,0,,9.4,,0,
2/18/2014,716.07,,1381404,,3664,,2996200,,-1614796,,629,,2525,,90,,2904,,0,,9.4,,0,
2/19/2014,716.28,,1383116,,1712,,3001500,,-1618384,,630,,1018,,19,,2351,,0.04,,9.44,,0,
2/20/2014,716.58,,1385564,,2448,,3011100,,-1625536,,1019,,2767,,21,,2589,e,0,,9.44,,0.04,
2/21/2014,716.66,,1386217,,653,,3020900,,-1634683,,992,,1394,,30,,2589,e,0,,9.44,,0,
2/22/2014,716.74,,1386871,,654,,3030400,,-1643529,,1033,,1339,,19,,1859,,0,,9.44,,0,
2/23/2014,716.94,,1388506,,1635,,3039600,,-1651094,,654,,1497,,19,,2003,,0,,9.44,,0,
2/24/2014,717.06,,1389487,,981,,3048600,,-1659113,,1032,,1583,,56,,2209,,0,,9.44,,0,
2/25/2014,717.14,,1390142,,655,,3057300,,-1667158,,898,,1307,,37,,1822,,0,,9.44,,0,
2/26/2014,717.32,,1391616,,1474,,3029700,,-1637584,,814,,1676,,37,,3017,,0.84,,10.28,,0,
2/27/2014,718.19,,1398753,,7137,,3010400,,-1604647,,786,,4238,,19,,3889,,0.04,,10.32,,1.04,
2/28/2014,719.19,,1406988,,8236,,2957200,,-1545012,,793,,5003,,16,,10018,,1.08,,11.4,,0.04,
3/1/2014,720.3,,1416168,,9180,,2957200,,-1535932,,617,,5260,,14,,6952,,0.04,,11.44,,1.08,
3/2/2014,721.48,,1425973,,9804,,2947100,,-1521127,,537,,5453,,14,,7279,,0.16,,11.6,,0.04,
3/3/2014,723.97,,1446815,,20842,,2895300,,-1448485,,488,,11091,,9,,13993,,1.64,,13.24,,0.16,
3/4/2014,726.5,,1468207,,21392,,2900100,,-1431893,,414,,11181,,23,,12671,,0.2,,13.44,,1.8,
3/5/2014,728.25,,1483131,,14924,,2862700,,-1379569,,650,,7066,,12,,11566,,0.88,,14.32,,0.16,
3/6/2014,731.53,,1511388,,28257,,2858000,,-1346612,,297,,15642,,19,,17960,,0,,14.32,,0.76,
3/7/2014,733.57,,1529159,,17771,,2871400,,-1342241,,302,,9240,,28,,12015,,0,,14.32,,0,
3/8/2014,734.9,,1540814,,11656,,2885400,,-1344586,,312,,6251,,19,,8047,,0,,14.32,,0,
3/9/2014,735.84,,1549090,,8275,,2894500,,-1345410,,967,,5158,,19,,7121,,0,,14.32,,0,
3/10/2014,737.24,,1561471,,12381,,2874300,,-1312829,,533,,6878,,58,,10139,,0.84,,15.16,,0.6,
3/11/2014,738.33,,1571159,,9688,,2888200,,-1317041,,623,,5466,,48,,7448,,0,,15.16,,0.08,
3/12/2014,739.17,,1578654,,7495,,2901700,,-1323046,,610,,4416,,73,,5301,,0,,15.16,,0,
3/13/2014,739.85,,1584739,,6085,,2914800,,-1330061,,574,,3775,,88,,4842,,0,,15.16,,0,
3/14/2014,740.42,,1589853,,5114,,2927500,,-1337647,,915,,3499,,51,,4524,,0,,15.16,,0,
3/15/2014,740.93,,1594438,,4586,,2939800,,-1345362,,729,,3129,,44,,3894,e,0,,15.16,,--,
3/16/2014,741.4,,1598673,,4234,,2951700,,-1353027,,618,,2801,,49,,3894,e,0,,15.16,,0,
3/17/2014,741.87,,1602914,,4241,,2963300,,-1360386,,614,,2859,,61,,3621,,0,,15.16,,0,
3/18/2014,742.28,,1606621,,3707,,2974600,,-1367979,,613,,2493,,56,,3199,,0,,15.16,,0,
3/19/2014,742.67,,1610152,,3531,,2985500,,-1375348,,651,,2488,,56,,3051,,0,,15.16,,0,
3/20/2014,742.96,,1612782,,2630,,2996000,,-1383218,,936,,2341,,79,,2915,,0,,15.16,,0,
3/21/2014,743.32,,1616050,,3269,,3006300,,--,,740,,787,,47,,2744,e,0,,15.16,,0,
3/22/2014,743.58,,1618414,,2363,,3016300,,-1397886,,722,,2424,,54,,2744,e,0,,15.16,,0,
3/23/2014,743.88,,1621144,,2730,,3025900,,-1404756,,780,,3398,,49,,2742,,0,,15.16,,0,
3/24/2014,744.17,,1623786,,2642,,3035300,,-1411514,,683,,2036,,67,,2573,,0,,15.16,,0,
3/25/2014,744.49,,1626705,,2919,,3033800,,-1407095,,638,,2164,,54,,2883,,0,,15.16,,0,
3/26/2014,744.95,,1630908,,4203,,3011000,,-1382592,,739,,2917,,13,,3917,,0.56,,15.72,,0.15,
3/27/2014,745.3,,1634110,,3202,,3004800,,-1370690,,858,,2442,,15,,3391,,0,,15.72,,0.56,
3/28/2014,745.72,,1637959,,3849,,2998300,,-1360341,,816,,2829,,27,,3992,,0.08,,15.8,,0,
3/29/2014,749.3,,1671028,,33069,,2888500,,-1217472,,790,,17428,,13,,23665,,1.6,,17.4,,0.44,
3/30/2014,752.2,,1698160,,27132,,2890500,,-1192340,,731,,14476,,20,,16891,,0.16,,17.56,,1.2,
3/31/2014,754.1,,1716103,,17943,,2884900,,-1168797,,361,,9554,,98,,11757,,0.4,,17.96,,0.12,
4/1/2014,755.68,,1731127,,15024,,2889800,,-1158673,,422,,7912,,11,,9810,,0.2,,18.16,,0.44,
4/2/2014,756.82,,1742025,,10898,,2913500,,-1171475,,700,,6255,,13,,7322,,0,,18.16,,0.12,
4/3/2014,757.8,,1751431,,9406,,2934200,,-1182769,,728,,5448,,26,,6207,,0,,18.16,,0,
4/4/2014,758.66,,1759716,,8285,,2954500,,-1194784,,728,,4984,,31,,6943,,0.12,,18.28,,0,
4/5/2014,759.38,,1766674,,6958,,2977100,,-1210426,,715,,4159,,34,,5045,,0,,18.28,,0.12,
4/6/2014,760.06,,1773271,,6597,,2998800,,-1225529,,718,,4170,,34,,5676,,0,,18.28,,0,
4/7/2014,760.9,,1781426,,8155,,3020100,,-1238674,,704,,4887,,73,,6234,,0,,18.28,,0,
4/8/2014,761.62,,1788437,,7011,,3041600,,-1253163,,701,,4260,,73,,5649,,0,,18.28,,0,
4/9/2014,762.53,,1797327,,8890,,3062700,,-1265373,,702,,5296,,63,,6232,,0,,18.28,,0,
4/10/2014,763.32,,1805070,,7744,,3083500,,-1278430,,751,,4736,,82,,5920,,0,,18.28,,0,
4/11/2014,764.06,,1812346,,7275,,3103900,,-1291554,,737,,4481,,77,,5743,,0,,18.28,,0,
4/12/2014,764.66,,1818260,,5914,,3124100,,-1305840,,746,,3799,,71,,5264,,0,,18.28,,0,
4/13/2014,765.25,,1824089,,5829,,3143900,,-1319811,,748,,3701,,64,,4884,,0,,18.28,,0,
4/14/2014,765.73,,1828841,,4752,,3163500,,-1334659,,747,,3259,,66,,4274,,0,,18.28,,0,
4/15/2014,766.3,,1834496,,5655,,3182700,,-1348204,,741,,3659,,67,,4464,,0,,18.28,,0,
4/16/2014,766.8,,1839467,,4971,,3201700,,-1362233,,749,,3326,,72,,4429,,0,,18.28,,0,
4/17/2014,767.21,,1843551,,4084,,3220400,,-1376849,,746,,2827,,72,,3981,,0,,18.28,,0,
4/18/2014,767.66,,1848040,,4489,,3238300,,-1390260,,742,,3077,,72,,3769,e,0,,18.28,,0,
4/19/2014,768.02,,1851637,,3597,,3256500,,-1404863,,734,,2615,,67,,3769,e,0,,18.28,,0,
4/20/2014,768.42,,1855640,,4003,,3274400,,-1418760,,740,,2875,,67,,4007,,0,,18.28,,0,
4/21/2014,768.74,,1858846,,3206,,3292100,,-1433254,,742,,2447,,88,,3001,,0,,18.28,,0,
4/22/2014,769.07,,1862157,,3311,,3305100,,-1442943,,748,,2412,,46,,3206,,0,,18.28,,0,
4/23/2014,769.28,,1864267,,2110,,3322500,,-1458233,,1198,,2326,,65,,3253,,0,,18.28,,0,
4/24/2014,769.5,,1866478,,2211,,3329100,,-1462622,,1202,,2418,,51,,3241,,0,,18.28,,0,
4/25/2014,769.82,,1869698,,3220,,3325300,,-1455602,,758,,2438,,56,,5007,,0.16,,18.44,,0,
4/26/2014,770.09,,1872417,,2719,,3342500,,-1470083,,1234,,2655,,48,,3691,,0,,18.44,,0.16,
4/27/2014,770.33,,1874837,,2420,,3359400,,-1484563,,1234,,2457,,54,,3164,,0,,18.44,,0,
4/28/2014,770.5,,1876552,,1715,,3376100,,-1499548,,1440,,2305,,0,,3036,,0,,18.44,,0,
4/29/2014,770.61,,1877662,,1110,,3392700,,-1515038,,1453,,2182,,68,,2740,,0,,18.44,,0,
4/30/2014,770.5,,1876552,,-1110,,3409500,,-1532948,,2116,,1655,,149,,2223,,0,,18.44,,0,
5/1/2014,770.42,,1875744,,-808,,3426100,,-1550356,,1966,,1630,,122,,2510,,0,,18.44,,0,
5/2/2014,770.61,,1877662,,1918,,3442500,,-1564838,,1530,,2665,,117,,3065,,0,,18.44,,0,
5/3/2014,770.27,,1874232,,-3430,,3458700,,-1584468,,2531,,886,,84,,1474,,0,,18.44,,0,e
5/4/2014,770.14,,1872921,,-1311,,3474700,,-1601779,,2527,,1888,,73,,2648,,0,,18.44,,0,
5/5/2014,769.79,,1869396,,-3525,,3485500,,-1616104,,3205,,1580,,103,,2527,,0.4,,18.84,,0,
5/6/2014,769.24,,1863864,,-5531,,3500800,,-1636936,,4397,,1681,,73,,2477,,0,,18.84,,0.4,
5/7/2014,768.55,,1856942,,-6923,,3516500,,-1659558,,5298,,1776,,70,,2666,,0,,18.84,,0,
5/8/2014,767.86,,1850038,,-6904,,3528000,,-1677962,,4067,,655,,69,,2442,e,0,,18.84,,0,
5/9/2014,768.2,,1853438,,3400,,3538000,,-1684562,,963,,2766,,39,,2442,e,0,,18.84,,0,
5/10/2014,767.55,,1846942,,-6496,,3538000,,-1691058,,4352,,1183,,55,,1843,,0,,18.84,,0,
5/11/2014,766.93,,1840761,,-6181,,3538000,,-1697239,,4455,,1408,,69,,2077,,0,,18.84,,0,
5/12/2014,766.58,,1837279,,-3482,,3538000,,-1700721,,3219,,1604,,141,,2269,,0,,18.84,,0,
5/13/2014,766.17,,1833205,,-4074,,3538000,,-1704795,,3585,,1558,,127,,2295,,0,,18.84,,0,
5/14/2014,765.07,,1822309,,-10896,,3538000,,-1715691,,7004,,1685,,124,,2427,,0,,18.84,,0,
5/15/2014,764.58,,1817471,,-4838,,3538000,,-1720529,,3558,,1281,,113,,1700,,0,,18.84,,0,
5/16/2014,764.04,,1812148,,-5323,,3538000,,-1725852,,4280,,1704,,106,,2113,,0,,18.84,,0,
5/17/2014,763.42,,1806052,,-6096,,3538000,,-1731948,,4764,,1723,,82,,2237,,0,,18.84,,0,
5/18/2014,762.77,,1799677,,-6375,,3538000,,-1738323,,4598,,1466,,81,,1832,,0,,18.84,,0,
5/19/2014,762,,1792146,,-7531,,3538000,,-1745854,,4798,,1121,,119,,1974,e,0,,18.84,,0,
5/20/2014,761.41,,1786390,,-5756,,3538000,,-1751610,,4361,,1484,,73,,1974,e,0,,18.84,,0,
5/21/2014,760.8,,1780454,,-5936,,3538000,,-1757546,,4120,,1280,,54,,1519,,0,,18.84,,0,
5/22/2014,760.49,,1777442,,-3012,,3538000,,-1760558,,2725,,1282,,75,,1883,,0,,18.84,,0,
5/23/2014,760.25,,1775114,,-2328,,3538000,,-1762886,,2724,,1595,,94,,1813,,0,,18.84,,0,
5/24/2014,759.59,,1768707,,-6407,,3538000,,-1769293,,4643,,1562,,94,,1438,,0,,18.84,,0,
5/25/2014,759.08,,1763773,,-4934,,3538000,,-1774227,,3886,,1394,,93,,1237,e,0,,18.84,,0,
5/26/2014,758.54,,1758558,,-5215,,3538000,,-1779442,,3679,,1241,,93,,1267,,0,,18.84,,0,
5/27/2014,758.14,,1754704,,-3854,,3538000,,-1783296,,3298,,1455,,101,,1237,e,0,,18.84,,0,
5/28/2014,757.83,,1751720,,-2984,,3538000,,-1786280,,3213,,1750,,90,,1177,e,0,,18.84,,0,
5/29/2014,757.34,,1747012,,-4708,,3538000,,-1790988,,2609,,393,,109,,1137,e,0,,18.84,,0,
5/30/2014,756.61,,1740013,,-6999,,3538000,,-1797987,,3830,,351,,98,,1507,e,0,,18.84,,0,
5/31/2014,756,,1734181,,-5832,,3538000,,-1803819,,3819,,984,,106,,1507,e,0,,18.84,,0,
6/1/2014,755.47,,1729124,,-5057,,3538000,,-1808876,,3811,,1223,,105,,1507,e,0,,18.84,,0,
6/2/2014,754.83,,1723033,,-6091,,3538000,,-1814967,,3776,,958,,110,,1538,,0,,18.84,,0,
6/3/2014,754.01,,1715250,,-7783,,3538000,,-1822750,,4203,,412,,85,,1656,e,0,,18.84,,0,
6/4/2014,753.56,,1710990,,-4260,,3538000,,-1827010,,4371,,2322,,99,,1655,e,0,,18.84,,0,
6/5/2014,753.01,,1705793,,-5197,,3538000,,-1832207,,4340,,1792,,120,,1691,,0,,18.84,,0,
6/6/2014,752.43,,1700324,,-5469,,3538000,,-1837676,,4199,,1551,,109,,1640,,0,,18.84,,0,
6/7/2014,751.9,,1695339,,-4985,,3538000,,--,,4318,,1927,,123,,1436,,0,,18.84,,0,
6/8/2014,751.84,,1694775,,-564,,3538000,,-1843225,,1953,,1792,,123,,1677,,0,,18.84,,0,
6/9/2014,751.43,,1690925,,-3850,,3538000,,--,,4053,,2288,,128,,1435,r,0,,18.84,,0,
6/10/2014,750.88,,1685772,,-5153,,3538000,,--,,4069,,1597,,173,,1045,,0,,18.84,,0,
6/11/2014,750.05,,1678015,,-7757,,3538000,,--,,4277,,537,,124,,1006,r,0,,18.84,,0,
6/12/2014,749.16,,1669726,,-8289,,3538000,,--,,4788,,659,,97,,1006,r,0,,18.84,,0,
6/13/2014,748.5,,1663417,,-6309,,3538000,,--,,4623,,1622,,89,,791,r,0,,18.84,,0,
6/14/2014,747.26,,1652128,,-11290,,3538000,,--,,6711,,1023,,94,,860,,0,,18.84,,0,
6/15/2014,746.01,,1640621,,-11507,,3538000,,--,,6790,,1129,,94,,791,r,0,,18.84,,0,
6/16/2014,744.72,,1628805,,-11816,,3538000,,--,,6207,,316,,112,,972,,0,,18.84,,0,
6/17/2014,743.73,,1619778,,-9027,,3538000,,--,,5139,,679,,90,,924,,0,,18.84,,0,
6/18/2014,742.85,,1611784,,-7994,,3538000,,-1926216,,4976,,1065,,119,,914,e,0,,18.84,,0,
6/19/2014,741.8,,1602282,,-9502,,3538000,,-1935718,,5750,,1127,,121,,868,,0,,18.84,,0,
6/20/2014,741.61,,1600567,,-1715,,3538000,,-1937433,,2474,,1676,,112,,914,e,0,,18.84,,0,
6/21/2014,740.38,,1589494,,-11073,,3538000,,-1948506,,6584,,1069,,112,,988,e,0,,18.84,,0,
6/22/2014,739.02,,1577314,,-12180,,3538000,,-1960686,,6532,,593,,112,,988,e,0,,18.84,,0,
6/23/2014,737.91,,1567421,,-9893,,3538000,,-1970579,,5944,,1060,,103,,1050,,0,,18.84,,0,
6/24/2014,736.81,,1557661,,-9760,,3538000,,-1980339,,6126,,1265,,105,,988,e,0,,18.84,,0,
6/25/2014,736.26,,1552797,,-4864,,3538000,,-1985203,,3549,,1244,,102,,988,e,0,,18.84,,0,
6/26/2014,735.67,,1547590,,-5207,,3538000,,-1990410,,3700,,1115,,84,,1140,e,0,,18.84,,0,
6/27/2014,735.08,,1542397,,-5193,,3538000,,-1995603,,4372,,1765,,56,,1140,e,0,,18.84,,0,
6/28/2014,733.57,,1529159,,-13238,,3538000,,-2008841,,8228,,1688,,89,,1140,e,0,,18.84,,0,
6/29/2014,732.07,,1516088,,-13071,,3538000,,-2021912,,8084,,1586,,91,,1140,e,0,,18.84,,0,
6/30/2014,731.53,,1511388,,-4700,,3538000,,-2026612,,3948,,1719,,91,,1153,,0,,18.84,,0,
7/1/2014,731.09,,1507576,,-3812,,3538000,,-2030424,,3352,,1546,,116,,1325,,0,,18.84,,0,
7/2/2014,729.84,,1496782,,-10794,,3538000,,-2041218,,7032,,1706,,116,,1310,,0,,18.84,,0,
7/3/2014,728.57,,1485872,,-10910,,3538000,,-2052128,,7039,,1641,,103,,1246,e,0,,18.84,,0,
7/4/2014,726.86,,1471268,,-14604,,3538000,,-2066732,,8916,,1613,,103,,1246,e,0,,18.84,,0,
7/5/2014,725.14,,1456681,,-14587,,3538000,,-2081319,,8986,,1777,,103,,1441,,0,,18.84,,0,
7/6/2014,724.08,,1447741,,-8940,,3538000,,-2090259,,6100,,1666,,116,,1228,e,0,,18.84,,0,
7/7/2014,723.06,,1439174,,-8567,,3538000,,-2098826,,5299,,1094,,113,,1227,e,0,,18.84,,0,
7/8/2014,722.79,,1436912,,-2262,,3538000,,-2101088,,2421,,1469,,103,,1198,,0,,18.84,,0,
7/9/2014,722.31,,1432897,,-4015,,3538000,,-2105103,,3486,,1591,,87,,957,e,0,,18.84,,0,
7/10/2014,721.33,,1424724,,-8173,,3538000,,-2113276,,4992,,871,,126,,638,,0,,18.84,,0,
7/11/2014,719.74,,1411532,,-13192,,3538000,,-2126468,,7245,,696,,102,,659,,0,,18.84,,0,
7/12/2014,717.75,,1395140,,-16392,,3538000,,--,,8818,,658,,104,,543,,0,,18.84,,0,
7/13/2014,716.26,,1382953,,-12187,,3538000,,--,,7077,,1080,,106,,696,,0,,18.84,,0,
7/14/2014,715.24,,1374652,,-8301,,3538000,,--,,5154,,1010,,82,,634,,0,,18.84,,0,
7/15/2014,714.38,,1367680,,-6972,,3538000,,-2170320,,4589,,1203,,129,,765,,0,,18.84,,0,
7/16/2014,714.13,,1365658,,-2022,,3538000,,-2172342,,2513,,1582,,89,,948,,0,,18.84,,0,
7/17/2014,713.34,,1359281,,-6377,,3538000,,-2178719,,4357,,1262,,79,,825,,0,,18.84,,0,
7/18/2014,712.77,,1354692,,-4589,,3538000,,-2183308,,3541,,1266,,79,,658,e,0,,18.84,,0,
7/19/2014,711.09,,1341230,,-13462,,3538000,,-2196770,,7772,,1100,,74,,931,,0,,18.84,,0,
7/20/2014,709.35,,1327383,,-13847,,3538000,,-2210617,,7310,,397,,69,,658,e,0,,18.84,,0,
7/21/2014,708.76,,1322710,,-4673,,3538000,,-2215290,,3323,,1121,,114,,976,e,0,,18.84,,0,
7/22/2014,708.01,,1316786,,-5924,,3538000,,-2221214,,3980,,1061,,68,,976,e,0,,18.84,,0,
7/23/2014,707.5,,1312768,,-4018,,3538000,,-2225232,,3405,,1365,,65,,959,,0,,18.84,,0,
7/24/2014,706.29,,1303268,,-9500,,3538000,,-2234732,,6243,,1510,,96,,912,,0,,18.84,,0,
7/25/2014,704.83,,1291868,,-11400,,3538000,,-2246132,,6764,,1120,,103,,912,e,0,,18.84,,0,
7/26/2014,703.96,,1285106,,-6762,,3538000,,-2252894,,4939,,1640,,109,,912,e,0,,18.84,,0,
7/27/2014,702.63,,1274816,,-10290,,3538000,,-2263184,,6315,,1268,,102,,990,e,0,,18.84,,0,
7/28/2014,701.83,,1268653,,-6163,,3538000,,-2269347,,4571,,1569,,144,,990,e,0,,18.84,,0,
7/29/2014,701.34,,1264888,,-3765,,3538000,,-2273112,,3462,,1663,,99,,1151,,0,,18.84,,0,
7/30/2014,700.46,,1258145,,-6743,,3538000,,-2279855,,4595,,1352,,117,,1020,,0,,18.84,,0,
7/31/2014,699.74,,1252662,,-5483,,3538000,,-2285338,,4393,,1690,,105,,1171,e,0,,18.84,,0,
8/1/2014,699.06,,1247482,,-5180,,3538000,,-2290518,,4291,,1796,,116,,1171,e,0,,18.84,,0,
8/2/2014,698.25,,1241331,,-6151,,3538000,,-2296669,,3939,,963,,125,,992,e,0,,18.84,,0,
8/3/2014,697.52,,1235807,,-5524,,3538000,,-2302193,,4185,,1517,,116,,927,e,0,,18.84,,0,
8/4/2014,696.74,,1229923,,-5884,,3538000,,-2308077,,4234,,1357,,88,,727,,0,,18.84,,0,
8/5/2014,695.6,,1221360,,-8562,,3538000,,-2316640,,4324,,49,,41,,993,e,0.2,,19.04,,0.16,
8/6/2014,694.8,,1215377,,-5984,,3538000,,-2322623,,4327,,1333,,22,,1020,e,0,,19.04,,0.04,
8/7/2014,694.08,,1210010,,-5367,,3538000,,-2327990,,4251,,1553,,45,,1116,,0,,19.04,,0,
8/8/2014,693.53,,1205922,,-4088,,3538000,,-2332078,,4156,,2245,,75,,1020,e,0,,19.04,,0,
8/9/2014,692.62,,1199179,,-6743,,3538000,,-2338821,,4174,,777,,77,,1020,e,0,,19.04,,0,
8/10/2014,691.85,,1193494,,-5684,,3538000,,-2344506,,3823,,1061,,67,,1020,e,0,,19.04,,0,
8/11/2014,691.2,,1188711,,-4784,,3538000,,-2349289,,3665,,1365,,112,,1026,,0.24,,19.28,,0,
8/12/2014,690.62,,1184454,,-4257,,3538000,,-2353546,,3488,,1358,,52,,629,,0,,19.28,,0.24,
8/13/2014,689.92,,1179331,,-5123,,3538000,,-2358669,,3460,,926,,85,,956,,0,,19.28,,0,
8/14/2014,689.18,,1173933,,-5398,,3538000,,-2364067,,3464,,813,,71,,985,,0,,19.28,,0,
8/15/2014,688.32,,1167681,,-6252,,3538000,,-2370319,,3251,,157,,94,,701,,0,,19.28,,0,
8/16/2014,687.51,,1161814,,-5867,,3538000,,-2376186,,3216,,389,,94,,767,,0,,19.28,,0,
8/17/2014,686.66,,1155680,,-6134,,3538000,,-2382320,,3174,,140,,94,,543,,0,,19.28,,0,
8/18/2014,685.82,,1149641,,-6039,,3538000,,-2388359,,3154,,287,,104,,798,,0,,19.28,,0,
8/19/2014,685.02,,1143910,,-5731,,3538000,,-2394090,,3061,,224,,88,,724,e,0,,19.28,,0,
8/20/2014,684.36,,1139197,,-4713,,3538000,,-2398803,,2990,,862,,67,,724,e,0,,19.28,,0,
8/21/2014,683.6,,1133787,,-5410,,3538000,,-2404213,,2892,,194,,65,,724,e,0,,19.28,,0,
8/22/2014,682.88,,1128679,,-5108,,3538000,,-2409321,,2910,,412,,78,,596,,0,,19.28,,0,
8/23/2014,682.09,,1123093,,-5586,,3538000,,-2414907,,2808,,56,,64,,715,,0,,19.28,,0,
8/24/2014,681.4,,1118230,,-4863,,3538000,,-2419770,,2808,,420,,64,,783,,0,,19.28,,0,
8/25/2014,680.89,,1114645,,-3585,,3538000,,-2423355,,2787,,1113,,98,,491,,0,,19.28,,0,
8/26/2014,680.53,,1112120,,-2525,,3538000,,-2425880,,2723,,1513,,64,,838,,0,,19.28,,0,
8/27/2014,680.19,,1109738,,-2382,,3538000,,-2428262,,2821,,1650,,66,,1092,,0,,19.28,,0,
8/28/2014,679.84,,1107290,,-2448,,3538000,,-2430710,,2822,,1670,,81,,759,,0,,19.28,,0,
8/29/2014,679.44,,1104497,,-2793,,3538000,,-2433503,,2673,,1351,,86,,660,,0,,19.28,,0,
8/30/2014,679.04,,1101709,,-2788,,3538000,,-2436291,,2616,,1296,,86,,598,,0,,19.28,,0,
8/31/2014,678.85,,1100386,,-1323,,3538000,,-2437614,,2505,,1923,,86,,829,,0,,19.28,,0,
9/1/2014,678.92,,1100873,,487,,3538000,,-2437127,,2329,,2660,,85,,827,e,0,,19.28,,0,
9/2/2014,678.49,,1097883,,-2990,,3538000,,-2440117,,2325,,874,,56,,827,e,0,,19.28,,0,
9/3/2014,678.78,,1099900,,2017,,3538000,,-2438100,,664,,1766,,85,,827,e,0,,19.28,,0,
9/4/2014,678.51,,1098022,,-1878,,3538000,,-2439978,,2447,,1616,,80,,484,,0,,19.28,,0,
9/5/2014,678.25,,1096217,,-1805,,3538000,,-2441783,,2430,,1569,,85,,701,,0,,19.28,,0,
9/6/2014,677.97,,1094275,,-1942,,3538000,,-2443725,,2244,,1382,,82,,710,,0,,19.28,,0,
9/7/2014,677.75,,1092751,,-1524,,3538000,,-2445249,,2175,,1442,,71,,762,e,0,,19.28,,0,
9/8/2014,677.78,,1092959,,208,,3538000,,-2445041,,2173,,2390,,78,,762,e,0,,19.28,,0,
9/9/2014,677.58,,1091575,,-1384,,3538000,,-2446425,,1965,,1339,,73,,857,e,0,,19.28,,0,
9/10/2014,677.25,,1089293,,-2282,,3538000,,-2448707,,1967,,918,,66,,857,e,0,,19.28,,0,
9/11/2014,677.36,,1090053,,760,,3538000,,-2447947,,1741,,2178,,89,,768,e,0,,19.28,,0,
9/12/2014,677.11,,1088326,,-1727,,3538000,,--,,1861,,1059,,103,,778,e,0,,19.28,,0,
9/13/2014,677.06,,1087981,,-345,,3538000,,--,,1860,,1815,,94,,778,e,0,,19.28,,0,
9/14/2014,676.87,,1086670,,-1311,,3538000,,-2451330,,1861,,1282,,82,,681,,0,,19.28,,0,
9/15/2014,676.55,,1084464,,-2206,,3538000,,-2453536,,1858,,828,,117,,863,,0,,19.28,,0,
9/16/2014,676.78,,1086050,,1586,,3525500,,-2439450,,1861,,2739,,79,,968,e,0,,19.28,,0,
9/17/2014,676.49,,1084051,,-1999,,3513000,,-2428949,,1858,,919,,68,,968,e,0,,19.28,,0,
9/18/2014,676.44,,1083707,,-344,,3500500,,-2416793,,1841,,1751,,84,,695,,0,,19.28,,0,
9/19/2014,676.37,,1083225,,-482,,3488000,,-2404775,,1856,,1655,,42,,945,,0,,19.28,,0,
9/20/2014,676.31,,1082812,,-413,,3475500,,-2392688,,1855,,1706,,58,,1052,,0,,19.28,,0,
9/21/2014,676.22,,1082193,,-619,,3463000,,-2380807,,1855,,1636,,58,,1125,,0,,19.28,,0,
9/22/2014,676.19,,1081987,,-206,,3450500,,-2368513,,1848,,1759,,14,,681,,0,,19.28,,0,
9/23/2014,676.15,,1081712,,-275,,3438000,,-2356288,,1866,,1737,,44,,579,e,0,,19.28,,0,
9/24/2014,675.97,,1080475,,-1237,,3425500,,-2345025,,1861,,1298,,60,,579,e,0,,19.28,,0,
9/25/2014,676.27,,1082537,,2062,,3413000,,-2330463,,786,,1882,,56,,1846,,0.88,,20.16,,0.28,
9/26/2014,676.18,,1081918,,-619,,3400500,,-2318582,,1951,,1727,,53,,1124,,0,,20.16,,0.6,
9/27/2014,675.9,,1079994,,-1924,,3388000,,-2308006,,2039,,1081,,46,,1161,e,0,,20.16,,0,
9/28/2014,675.9,,1079994,,0,,3375500,,-2295506,,2056,,2102,,46,,1527,e,0,,20.16,,0,
9/29/2014,675.58,,1077798,,-2196,,3363000,,-2285202,,2065,,993,,0,,1161,e,0,,20.16,,0,
9/30/2014,675.3,,1075879,,-1919,,3350500,,-2274621,,2079,,1119,,42,,556,,--,,20.16,,0,
10/1/2014,675.25,,1075537,,-342,,3338000,,-2262463,,2222,,2151,,67,,992,,0,,0,,0,
10/2/2014,675.29,,1075811,,274,,3325500,,-2249689,,1345,,1572,,89,,491,,0,,0,,0,
10/3/2014,675.35,,1076222,,411,,3313000,,-2236778,,1230,,1471,,69,,321,,0,,0,,0,
10/4/2014,674.89,,1073074,,-3148,,3300500,,-2227426,,2322,,796,,62,,404,e,0,,0,,0,
10/5/2014,674.64,,1071366,,-1708,,3288000,,-2216634,,2322,,1557,,62,,471,e,0,,0,,0,
10/6/2014,674.12,,1067818,,-3547,,3275500,,-2207682,,2434,,700,,89,,471,e,0,,0,,0,
10/7/2014,673.66,,1064688,,-3131,,3263000,,-2198312,,2672,,1166,,72,,538,e,0,,0,,0,
10/8/2014,672.95,,1059868,,-4820,,3250500,,-2190632,,2515,,166,,81,,538,e,0,,0,,0,
10/9/2014,672.52,,1056956,,-2912,,3238000,,-2181044,,2668,,1402,,66,,538,e,0,,0,,0,
10/10/2014,672.03,,1053645,,-3311,,3225500,,-2171855,,2859,,1119,,66,,538,e,0,,0,,0,
10/11/2014,671.48,,1049937,,-3708,,3213000,,-2163063,,3023,,1277,,56,,538,e,0,,0,,0,
10/12/2014,671,,1046708,,-3228,,3200500,,-2153792,,3024,,1418,,55,,555,,0,,0,,0,
10/13/2014,670.46,,1043085,,-3624,,3188000,,-2144915,,3010,,1263,,80,,591,,0,,0,,0,
10/14/2014,669.56,,1037064,,-6021,,3175500,,-2138436,,3375,,339,,34,,601,e,0,,0,,0,
10/15/2014,668.97,,1033130,,-3934,,3163000,,-2129870,r,3492,,1589,,50,,600,e,0.6,,0.6,,0.36,
10/16/2014,668.29,,1028608,,-4522,,3163000,,-2134392,,2962,,680,,31,,575,,0,,0.6,,0.24,
10/17/2014,667.6,,1024034,,-4574,,3163000,,--,,3343,,1092,,22,,396,,0,,0.6,,0,
10/18/2014,666.84,,1019012,,-5022,,3163000,,--,,3598,,1089,,24,,337,,0,,0.6,,0,
10/19/2014,666.19,,1014730,,-4282,,3163000,,-2148270,,3330,,1162,,24,,440,,0,,0.6,,0,
10/20/2014,665.33,,1009084,,-5646,,3163000,,-2153916,,3052,,298,,59,,405,,0.28,,0.88,,0,
10/21/2014,664.72,,1005091,,-3993,,3163000,,-2157909,,2959,,963,,17,,430,e,0,,0.88,,0.28,
10/22/2014,663.94,,1000002,,-5089,,3163000,,-2162998,,2770,,207,,35,,631,,0,,0.88,,0,
10/23/2014,664.28,,1002218,,2216,,3163000,,-2160782,,2980,,281,,21,,700,e,0,,0.88,,0,
10/24/2014,661.94,,987032,,-15186,,3163000,,-2175968,,2983,,-856,,12,,760,e,0,,0.88,,0,
10/25/2014,661.21,,982327,,-4705,,3163000,,-2180673,,3011,,653,,14,,1689,,0.96,,1.84,,0,
10/26/2014,660.49,,977701,,-4626,,3163000,,-2185299,,3006,,689,,14,,1536,,0,,1.84,,0.96,
10/27/2014,659.76,,973026,,-4675,,3163000,,-2189974,,3006,,676,,58,,1076,,0,,1.84,,0,
10/28/2014,658.7,,966264,,-6762,,3163000,,-2196736,,3008,,1320,,18,,1009,e,0,,1.84,,0,
10/29/2014,658.33,,963912,,-2352,,3163000,,-2199088,,2800,,262,,30,,1008,e,0,,1.84,,0,
10/30/2014,657.66,,959662,,-4250,,3163000,,-2203338,,2514,,282,,7,,675,,0,,1.84,,0,
10/31/2014,656.72,,953720,,-5942,,3163000,,-2209280,,2513,,-584,,25,,855,e,0.44,,2.28,,0,
11/1/2014,656.25,,950759,,-2961,,3163000,,-2212241,,2511,,1049,,0,,855,e,0.68,,2.96,,0.84,
11/2/2014,655.66,,947050,,-3709,,3163000,,-2215950,,2554,,684,,0,,699,e,0,,2.96,,0.28,
11/3/2014,655.07,,943352,,-3698,,3163000,,-2219648,,2560,,799,,136,,1058,,0,,2.96,,0,
11/4/2014,654.59,,940350,,-3002,,3163000,,-2222650,,2528,,1036,,21,,897,e,0,,2.96,,0,
11/5/2014,653.73,,934988,,-5362,,--,,--,,2442,,-203,,28,,899,e,0,,2.96,,0,
11/6/2014,653.68,,934677,,-311,,--,,--,,2336,,2214,,35,,815,e,0,,2.96,,0,
11/7/2014,652.8,,929214,,-5463,,3163000,,-2233786,,2304,,-564,,12,,897,e,0,,2.96,,0,
11/8/2014,652.23,,925686,,-3528,,3163000,,-2237314,,2306,,515,,19,,898,e,0,,2.96,,0,
11/9/2014,651.88,,923525,,-2161,,3163000,,-2239475,,2153,,802,,18,,564,,0,,2.96,,0,
11/10/2014,651.11,,918782,,-4743,,3163000,,-2244218,,2189,,142,,32,,699,e,0,,2.96,,0,
11/11/2014,650.53,,915221,,-3561,,3163000,,-2247779,,2209,,432,,18,,815,e,0,,2.96,,0,
11/12/2014,650.02,,912097,,-3124,,3163000,,-2250903,,1968,,843,,18,,666,,0,,2.96,,0,
11/13/2014,649.75,,910446,,-1651,,3163000,,-2252554,,1638,,291,,9,,1767,,0.64,,3.6,,0.44,
11/14/2014,649.52,,909042,,-1404,,3163000,,-2253958,,1612,,934,,0,,1131,,0,,3.6,,0.2,
11/15/2014,649.53,,909103,,61,,3163000,,-2253897,,1610,,607,,11,,832,e,0,,3.6,,0,
11/16/2014,649.54,,909163,,60,,3163000,,-2253837,,1611,,552,,16,,832,e,0,,3.6,,0,
11/17/2014,648.72,,904167,,-4996,,3163000,,-2258833,,828,,458,,59,,832,e,0,,3.6,,0,
11/18/2014,648.48,,902708,,-1459,,--,,--,,845,,321,,27,,254,,0,,3.6,,0,
11/19/2014,648.05,,900099,,-2609,,--,,--,,1680,,374,,9,,736,,0.32,,3.92,,0,
11/20/2014,647.93,,899371,,-728,,3163000,,-2263629,,1630,,1301,,7,,1616,,0.2,,4.12,,0.38,
11/21/2014,647.74,,898221,,-1150,,--,,--,,1506,,937,,11,,758,,0.04,,4.16,,0.2,
11/22/2014,648.3,,901615,,3394,,--,,--,,1257,,2975,,7,,4299,,0.76,,4.92,,0.56,
11/23/2014,648.6,,903437,,1822,,--,,--,,1174,,2072,,11,,1987,,0,,4.92,,0.24,
11/24/2014,648.69,,903985,,548,,--,,--,,1173,,1449,,0,,1174,,0,,4.92,,0,
11/25/2014,648.76,,904410,,426,,3163000,,-2258590,,1173,,1110,,29,,817,,0,,4.92,,0,
11/26/2014,648.95,,905567,,1156,,3163000,,-2257433,,880,,1347,,7,,1182,,0,,4.92,,0,
11/27/2014,648.95,,905567,,0,,3163000,,-2257433,,1167,,1173,,7,,1185,,0,,4.92,,0,
11/28/2014,648.94,,905506,,-61,,3163000,,-2257494,,815,,789,,5,,1450,,0.28,,5.2,,0,
11/29/2014,649.16,,906846,,1340,,3163000,,-2256154,,602,,1246,,0,,1758,,0.16,,5.36,,0.28,
11/30/2014,649.75,,910446,,3600,,3163000,,-2252554,,621,,2435,,0,,3220,,0.52,,5.88,,0.44,
12/1/2014,650.37,,914240,,3794,,3134754,,-2248760,,602,,2613,,69,,3389,,0.12,,6,,0.32,
12/2/2014,651.29,,919889,,5649,,3100317,,-2217487,,602,,3030,,15,,4587,,0.32,,6.32,,0.04,
12/3/2014,654.1,,937292,,17404,,2999044,,-2094059,,602,,5563,,47,,14590,,2.04,,8.36,,0.52,
12/4/2014,658,,961817,,24524,,2970680,,-2042501,,441,,17641,,77,,16778,,1.16,,9.52,,2.04,
12/5/2014,660.65,,978728,,16911,,2961027,,-1978467,,144,,8953,,57,,10737,,0.8,,10.32,,0.96,
12/6/2014,663.99,,1000328,,21600,,2934038,,-1932297,,603,,11348,,49,,15063,,0.64,,10.96,,1.12,
12/7/2014,666.03,,1013678,,13350,,2945628,,-1930578,,603,,7517,,50,,8730,,0,,10.96,,0.32,
12/8/2014,667.09,,1020663,,6985,,2957340,,-1936678,,603,,3792,,0,,5307,,0,,10.96,,0,
12/9/2014,668.16,,1027746,,7083,,2968525,,-1940780,,453,,4254,,30,,4796,,0,,10.96,,0,
12/10/2014,669.07,,1033796,,6050,,2953294,,-1919498,,1,,3080,,25,,4662,,0.76,,11.72,,0,
12/11/2014,675.19,,1075126,,41330,,2804772,,-1729646,,0,,20901,,63,,30000,,4.04,,15.76,,0.92,
12/12/2014,680.54,,1112189,,37063,,2788000,,-1675811,,58,,18708,,0,,22111,,0.48,,16.24,,4.12,
12/13/2014,683.08,,1130096,,17908,,2801107,,-1671011,,69,,9597,,0,,10497,,0,,16.24,,0.24,
12/14/2014,684.92,,1143195,,13098,,2817214,,-1674019,,600,,6781,,5,,8304,,0,,16.24,,0,
12/15/2014,686.21,,1152442,,9247,,2804702,,-1652260,,601,,5307,,8,,6485,,0.52,,16.76,,0.04,
12/16/2014,688.44,,1168552,,16110,,2788000,,-1619448,,602,,8578,,0,,10026,,0.68,,17.44,,0.68,
12/17/2014,690.22,,1181525,,12973,,2788000,,-1606475,,600,,7187,,10,,8102,,0.16,,17.6,,0.48,
12/18/2014,691.76,,1192832,,11307,,2796116,,-1603284,,578,,6463,,0,,7020,,0,,17.6,,0.16,
12/19/2014,694.01,,1209490,,16658,,2788000,,-1578510,,475,,8686,,0,,10707,,1.04,,18.64,,0.2,
12/20/2014,696.79,,1230300,,20810,,2788000,,-1557700,,0,,10491,,0,,12202,,0.52,,19.16,,0.88,
12/21/2014,699.26,,1249004,,18704,,2788000,,-1538996,,113,,9547,,5,,11355,,0,,19.16,,0.48,
12/22/2014,701.66,,1267345,,18341,,2788000,,-1520655,,600,,9918,,27,,11549,,0.04,,19.2,,0.02,
12/23/2014,703.3,,1279992,,12647,,2795249,,-1515257,,600,,6045,,43,,8325,,0,,19.2,,0,
12/24/2014,704.89,,1292335,,12342,,2799255,,-1506921,,596,,7762,,8,,8438,,0,,19.2,,0,
12/25/2014,705.88,e,1300062,e,7727,,2814243,,-1514181,,600,,4495,,0,,5874,,0,,19.2,,0,
12/26/2014,707.18,e,1310253,e,10191,,2829486,,-1519233,,600,,5763,,25,,6345,e,0,,19.2,,0,
12/27/2014,708.25,e,1318682,e,8429,,2844271,,-1525589,,600,,4858,,8,,5755,e,0,,19.2,,0,
12/28/2014,709.18,e,1326038,e,7356,,2858143,,-1532105,,600,,4317,,8,,5231,,0,,19.2,,0,
12/29/2014,710.02,e,1332706,e,6668,,2872480,,-1539774,,474,,3863,,28,,4343,,0,,19.2,,0,
12/30/2014,711.21,e,1342189,e,9483,,2886446,,-1544257,,0,,4788,,6,,4455,e,0,,19.2,,0,
12/31/2014,711.81,,1346988,,4799,,2899992,r,-1553004,r,598,,3014,,36,,4255,e,0,,19.2,,0,
1/1/2015,712.39,,1351639,,4651,,2912016,,-1560377,,657,,3070,,28,,3230,,0,,19.2,,0,
1/2/2015,712.96,,1356221,,4582,,2924268,,-1568047,,663,,2991,,18,,3285,,0,,19.2,,0,
1/3/2015,713.46,,1360248,,4027,,2936386,,-1576138,,657,,2736,,8,,2923,,0,,19.2,,0,
1/4/2015,713.94,,1364122,,3874,,2948258,,-1584136,,664,,2543,,8,,2882,,0,,19.2,,0,
1/5/2015,714.43,,1368084,,3962,,2959715,,-1591631,,654,,2654,,3,,3376,,0,,19.2,,0,
1/6/2015,714.87,,1371649,,3565,,2970829,,-1599180,,661,,2463,,5,,2982,,0,,19.2,,0,
1/7/2015,715.25,,1374733,,3084,,2981844,,-1607111,,655,,2257,,5,,2646,,0,,19.2,,0,
1/8/2015,715.79,,1379123,,4390,,2992528,,-1613405,,136,,2316,,8,,3134,,0,,19.2,,0,
1/9/2015,716.14,,1381974,,2852,,3002893,,-1620918,,627,,2113,,8,,2689,,0,,19.2,,0,
1/10/2015,716.56,,1385401,,3426,,3012946,,-1627545,,654,,2387,,5,,2768,e,0,,19.2,,0,
1/11/2015,716.84,,1387688,,2287,,3022698,,-1635009,,654,,1771,,5,,2768,e,0,,19.2,,0,
1/12/2015,717.2,,1390633,,2945,,3032157,,-1641524,,654,,2169,,30,,2811,,0,,19.2,,0,
1/13/2015,717.55,,1393500,,2867,,3041332,,-1647832,,652,,2156,,18,,2643,,0,,19.2,,0,
1/14/2015,717.92,,1396535,,3035,,3050232,,-1653697,,560,,2088,,38,,2765,,0,,19.2,,0,
1/15/2015,718.27,,1399411,,2876,,3058865,,-1659454,,558,,2059,,10,,2385,,0,,19.2,,0,
1/16/2015,718.66,,1402619,,3208,,3061064,,-1658445,,559,,2182,,5,,2576,,0.04,,19.24,,0,
1/17/2015,718.95,,1405009,,2390,,3069208,,-1664198,,558,,1721,,0,,3025,e,0,,19.24,,0.09,
1/18/2015,719.34,,1408227,,3218,,3077271,,-1669044,,558,,2227,,5,,3214,,0,,19.24,,0,
1/19/2015,719.84,,1412359,,4132,,3085093,,-1672734,,558,,2604,,5,,3025,e,0,,19.24,,0,
1/20/2015,720.27,,1415920,,3561,,3092617,,-1676697,,557,,2357,,5,,2989,,0,,19.24,,0,
1/21/2015,720.62,,1418823,,2903,,3099726,,-1680903,,557,,2109,,5,,2669,,0,,19.24,,0,
1/22/2015,720.98,,1421813,,2990,,3106874,,-1685061,,558,,2073,,8,,2826,,0,,19.24,,0,
1/23/2015,721.36,,1424974,,3161,,3113808,,-1688834,,556,,2110,,3,,2658,,0,,19.24,,0,
1/24/2015,721.64,,1427306,,2332,,3120280,,-1692975,,557,,1780,,5,,2593,e,0,,19.24,,0,
1/25/2015,721.99,,1430225,,2919,,3126812,,-1696588,,555,,1948,,5,,2593,e,0,,19.24,,0,
1/26/2015,722.36,,1433315,,3090,,3133148,,-1699833,,556,,2202,,46,,2402,e,0,,19.24,,0,
1/27/2015,722.64,,1435656,,2342,,3139293,,-1703637,,555,,1788,,11,,2402,e,0,,19.24,,0,
1/28/2015,723.02,,1438839,,3182,,3145254,,-1706416,,555,,2080,,5,,2402,e,0,,19.24,,0,
1/29/2015,723.41,,1442109,,3270,,3151037,,-1708928,,716,,2434,,26,,2413,e,0,,19.24,,0,
1/30/2015,723.55,,1443285,,1176,,3156646,,-1713361,,917,,1525,,16,,2413,e,0,,19.24,,0,
1/31/2015,723.63,,1443957,,672,,3162086,,-1718130,,965,,1317,,13,,2413,e,0,,19.24,,0,
2/1/2015,723.78,,1445218,,1261,,3163000,,-1717782,,966,,1613,,11,,2161,,0,,19.24,,0,
2/2/2015,723.94,,1446563,,1345,,3163000,,-1716437,,951,,1694,,65,,2828,,0,,19.24,,0,
2/3/2015,724.11,,1447993,,1430,,3163000,,-1715007,,946,,1684,,17,,2394,,0,,19.24,,0,
2/4/2015,724.47,,1451025,,3032,,3163000,,-1711975,,732,,2225,,7,,2648,e,0,,19.24,,0,
2/5/2015,724.74,r,1453302,,2277,,3163000,,-1709698,,804,,2007,,12,,2648,e,0,,19.24,,0,
2/6/2015,725.58,,1460403,,7101,,3082157,,-1621754,,704,,4332,,5,,8748,,2.08,,21.32,,0,
2/7/2015,729.82,,1496610,,36207,,3078706,,-1582096,,792,,19048,,0,,24436,,0,,21.32,,2.08,
2/8/2015,732.61,,1520784,,24175,,3031758,,-1510974,,765,,12904,,0,,16182,,0.96,,22.28,,0,
2/9/2015,738.84,,1575707,,54922,,3013384,,-1437678,,289,,27934,,0,,34843,,0.36,,22.64,,1,
2/10/2015,742.35,,1607254,,31547,,3023123,,-1415869,,408,,16341,,28,,22086,,0,,22.64,,0.32,
2/11/2015,744.6,,1627709,,20455,,3032569,,-1404860,,427,,10716,,23,,13173,,0,,22.64,,0,
2/12/2015,746.22,,1642550,,14841,,3041480,,-1398930,,781,,8374,,18,,13846,,0,,22.64,,0,
2/13/2015,747.5,,1654343,,11793,,3050375,,-1396032,,785,,6703,,19,,8734,,0,,22.64,,0,
2/14/2015,748.59,,1664433,,10090,,3059004,,-1394571,,421,,5527,,19,,7046,,0,,22.64,,0,
2/15/2015,749.56,,1673448,,9015,,3067121,,-1393673,,420,,5031,,19,,6577,,0,,22.64,,0,
2/16/2015,750.27,,1680069,,6621,,3075247,,-1395178,,759,,4116,,19,,5673,,0,,22.64,,0,
2/17/2015,750.97,,1686614,,6545,,3083130,,-1396516,,764,,4131,,67,,5487,,0,,22.64,,0,
2/18/2015,751.51,,1691676,,5062,,3090713,,-1399037,,888,,3448,,8,,4652,,0,,22.64,,0,
2/19/2015,752.16,,1697783,,6107,,3098131,,-1400348,,432,,3522,,11,,4691,,0,,22.64,,0,
2/20/2015,752.74,,1703246,,5463,,3105327,,-1402082,,460,,3177,,11,,4246,,0,,22.64,,0,
2/21/2015,753.31,,1708626,,5380,,3112308,,--,,471,,3242,,11,,4237,,0,,22.64,,0,
2/22/2015,753.6,,1711368,,2742,,3119078,,--,,481,,1874,,11,,3483,e,0,,22.64,,0,
2/23/2015,754.19,,1716956,,5589,,3125646,,-1408690,,654,,3609,,138,,3483,e,0,,22.64,,0,
2/24/2015,754.62,,1721037,,4080,,3132016,,-1410979,,634,,2751,,59,,2994,,0,,22.64,,0,
2/25/2015,755.04,,1725030,,3993,,3138196,,-1413166,,622,,2668,,33,,3335,,0,,22.64,,0,
2/26/2015,755.39,,1728362,,3333,,3144190,,-1415828,,641,,2354,,81,,2935,,0,,22.64,,0,
2/27/2015,755.79,,1732176,,3813,,3138436,,-1406260,,643,,2601,,35,,3669,,0.24,,22.88,,0,
2/28/2015,756.14,,1735518,,3343,,3138418,,-1402900,,631,,2343,,27,,3274,,0.04,,22.92,,0.24,
3/1/2015,756.53,,1739248,,3729,,3143900,,-1404652,,644,,2592,,19,,3340,,0,,22.92,,0.04,
3/2/2015,756.9,,1742791,,3543,,3147763,,-1404972,,538,,2382,,57,,3188,,0,,22.92,,0,
3/3/2015,757.22,,1745860,,3069,,3152712,,-1406852,,550,,2069,,21,,2755,,0,,22.92,,0,
3/4/2015,757.6,,1749508,,3649,,3158018,,-1408509,,532,,2470,,49,,3272,,0,,22.92,,0,
3/5/2015,757.88,,1752201,,2692,,3163000,,-1410799,,537,,1979,,37,,2677,,0,,22.92,,0,
3/6/2015,758.17,,1754992,,2791,,3163000,,-1408008,,534,,1884,,39,,2599,,0,,22.92,,0,
3/7/2015,758.53,,1758462,,3471,,3163000,,-1404538,,501,,2290,,39,,2732,e,0,,22.92,,0,
3/8/2015,758.78,,1760875,,2412,,3163000,,-1402125,,438,,1742,,39,,2731,e,0,,22.92,,0,
3/9/2015,759.07,,1763676,,2801,,3163000,,-1399324,,495,,1949,,42,,2735,,0,,22.92,,0,
3/10/2015,759.34,,1766287,,2611,,3163000,,-1396713,,527,,1889,,45,,2623,e,0,,22.92,,0,
3/11/2015,759.63,,1769094,,2807,,3163000,,-1393906,,521,,1919,,32,,2623,e,0.12,,23.04,,0,
3/12/2015,759.86,,1771323,,2229,,3163000,,-1391677,,523,,1719,,24,,2678,,0,,23.04,,0.12,
3/13/2015,760.12,,1773853,,2530,,3163000,,-1389147,,750,,2068,,47,,2542,,0,,23.04,,0,
3/14/2015,760.2,,1774629,,776,,3163000,,-1388371,,1362,,1793,,40,,2626,,0,,23.04,,0,
3/15/2015,760.27,,1775308,,679,,3163000,,-1387692,,1346,,1728,,40,,2237,,0,,23.04,,0,
3/16/2015,760.34,,1775987,,679,,3163000,,-1387013,,1348,,1743,,53,,2140,,0,,23.04,,0,
3/17/2015,760.44,,1776957,,970,,3163000,,-1386043,,1190,,1690,,11,,2341,,0,,23.04,,0,
3/18/2015,760.59,,1778414,,1457,,3163000,,-1384586,,1184,,1963,,45,,2331,,0,,23.04,,0,
3/19/2015,760.74,,1779871,,1457,,3163000,,-1383129,,1188,,1978,,55,,2238,,0,,23.04,,0,
3/20/2015,760.82,,1780648,,777,,3163000,,-1382352,,1166,,1581,,72,,1820,,0,,23.04,,0,
3/21/2015,760.9,,1781426,,778,,3163000,,-1381574,,1174,,1668,,53,,1991,,0,,23.04,,0,
3/22/2015,760.99,,1782301,,875,,3163000,,-1380699,,1187,,1681,,53,,2698,,0.28,,23.32,,0,
3/23/2015,761.16,,1783955,,1654,,3163000,,-1379045,,1104,,1965,,27,,2503,,0,,23.32,,0.28,
3/24/2015,761.35,,1785806,,1851,,3163000,,-1377194,,1116,,2035,,35,,2848,,0,,23.32,,0,
3/25/2015,761.45,,1786780,,974,,3163000,,-1376220,,1102,,1677,,35,,2216,,0,,23.32,,0,
3/26/2015,761.61,,1788340,,1560,,3163000,,-1374660,,1008,,1848,,53,,1937,,0,,23.32,,0,
3/27/2015,761.74,,1789608,,1268,,3163000,,-1373392,,1084,,1782,,58,,2238,,0,,23.32,,0,
3/28/2015,761.85,,1790681,,1073,,--,,--,,1086,,1681,,53,,2327,,0,,23.32,,0,
3/29/2015,761.94,,1791560,,879,,3163000,,--,,1108,,1604,,53,,1941,,0,,23.32,,0,
3/30/2015,761.99,,1792048,,488,,3163000,,--,,1124,,1381,,11,,1661,,0,,23.32,,0,
3/31/2015,762.15,,1793611,,1563,,3163000,,--,,780,,1603,,35,,1512,,0,,23.32,,0,
4/1/2015,762.2,,1794100,,489,,3172868,,-1378768,,789,,1073,,88,,1624,,0,,23.32,,0,
4/2/2015,762.36,,1795664,,1564,,3182737,,-1387073,,773,,1666,,55,,1878,,0,,23.32,,0,
4/3/2015,762.08,,1792927,,-2737,,3122395,,-1312246,,1835,,635,,81,,1896,e,0,,23.32,,0,
4/4/2015,761.94,,1791560,,-1367,,3139557,,-1331292,,1540,,903,,52,,1896,e,0,,23.32,,0,
4/5/2015,762.12,,1793318,,1758,,3147648,,-1353447,,1286,,2100,,26,,1895,e,0.28,,23.6,,0,
4/6/2015,762.28,,1794882,,1564,,3161527,,-1366567,,580,,1431,,63,,1853,,0,,23.6,,0.28,
4/7/2015,762.5,,1797034,,2152,,3149978,,-1353699,,834,,1917,,47,,3057,,1.04,,24.64,,0,
4/8/2015,762.61,,1798110,,1076,,3161317,,-1362286,,787,,1414,,34,,1939,,0,,24.64,,1.04,
4/9/2015,762.82,,1800167,,2057,,3174425,,-1372864,,787,,1793,,19,,2186,,0,,24.64,,0,
4/10/2015,762.97,,1801637,,1470,,3180144,,-1389489,,553,,1381,,37,,2067,,0,,24.64,,0,
4/11/2015,763.1,,1802911,,1274,,3208858,,-1405922,,538,,1220,,39,,2064,,0,,24.64,,0,
4/12/2015,763.35,,1805365,,2454,,3225403,,-1419987,,549,,1825,,39,,2087,,0,,24.64,,0,
4/13/2015,763.48,,1806642,,1277,,3241918,,-1424968,,543,,1242,,105,,1760,e,0,,24.64,,0,
4/14/2015,763.64,,1808214,,1572,,3258006,,-1449734,,455,,1379,,82,,1761,e,0,,24.64,,0,
4/15/2015,763.83,,1810082,,1868,,3274420,,-1464281,,433,,1404,,79,,1676,,0,,24.64,,0,
4/16/2015,763.98,,1811558,,1476,,3290409,,-1478825,,517,,1398,,87,,1310,e,0,,24.64,,0,
4/17/2015,764.09,,1812641,,1083,,3306442,,-1493776,,508,,1144,,90,,1310,e,0,,24.64,,0,
4/18/2015,763.76,,1809394,,-3247,,3322290,,-1512896,,1751,,157,,92,,1310,e,0,,24.64,,0,
4/19/2015,763.54,,1807231,,-2163,,3337958,,-1530728,,1837,,888,,92,,1396,,0,,24.64,,0,
4/20/2015,763.38,,1805660,,-1571,,3353453,,-1547794,,1753,,995,,34,,1637,e,0,,24.64,,0,
4/21/2015,763.24,,1804285,,-1375,,3368154,,-1564431,,1791,,1157,,58,,1637,e,0,,24.64,,0,
4/22/2015,763.1,,1802911,,-1374,,3380105,,-1577194,,1742,,1110,,60,,1720,,0,,24.64,,0,
4/23/2015,763.16,,1803500,,589,,3386412,,-1583068,,1654,,1959,,58,,1720,e,0.44,,25.08,,0,
4/24/2015,762.87,,1800657,,-2843,,3390848,,-1591587,,2131,,841,,95,,1800,e,0.28,,25.36,,0.44,
4/25/2015,762.74,,1799383,,-1274,,3385056,,-1584608,,2695,,2105,,52,,1883,e,0.48,,25.84,,0.72,
4/26/2015,762.42,,1796251,,-3132,,3400630,,-1602144,,2630,,1103,,52,,1960,e,0,,25.84,,0.04,
4/27/2015,762.15,,1793611,,-2640,,3415862,,-1622168,,2959,,1689,,60,,2479,,0,,25.84,,0,
4/28/2015,761.79,,1790095,,-3516,,3431388,,-1641293,,2802,,1121,,92,,1378,,0,,25.84,,0,
4/29/2015,761.44,,1786683,,-3412,,3446745,,-1660062,,2811,,1112,,71,,1127,,0,,25.84,,0,
4/30/2015,761.01,,1782496,,-4187,,3459052,,-1676556,,3203,,1220,,78,,1905,,0,,25.84,,0,
5/1/2015,760.49,,1777442,,-5054,,3468921,,-1691479,,3524,,1081,,104,,1595,,0,,25.84,,0,
5/2/2015,759.74,,1770160,,-7282,,3478789,,-1708630,,4271,,712,,107,,1086,,0,,25.84,,0,
5/3/2015,759.04,,1763386,,-6774,,3488658,,-1725272,,4285,,976,,107,,1229,e,0,,25.84,,0,
5/4/2015,758.26,,1755860,,-7526,,3498526,,-1742667,,4238,,545,,53,,1228,e,0,,25.84,,0,
5/5/2015,757.75,,1750951,,-4909,,3508395,,-1757444,,3164,,746,,106,,1176,,0,,25.84,,0,
5/6/2015,757,,1743750,,-7201,,3518263,,-1774513,,4506,,893,,67,,1354,,0,,25.84,,0,
5/7/2015,755.88,,1733035,,-10715,,3528132,,-1795096,,5866,,557,,93,,1374,e,0,,25.84,,0,
5/8/2015,754.82,,1722938,,-10097,,3538000,,-1815062,,5828,,877,,92,,1299,e,0,,25.84,,0,
5/9/2015,753.71,,1712409,,-10529,,3538000,,-1825591,,6296,,1080,,92,,1299,e,0,,25.84,,0,
5/10/2015,752.66,,1702491,,-9918,,3538000,,-1835509,,5926,,1017,,92,,1223,e,0,,25.84,,0,
5/11/2015,751.54,,1691957,,-10534,,3538000,,-1846043,,6342,,1062,,31,,1233,,0,,25.84,,0,
5/12/2015,750.75,,1684555,,-7402,,3538000,,-1853445,,6293,,2683,,76,,1342,e,0,,25.84,,0,
5/13/2015,749.4,,1671959,,-12596,,3538000,,-1866041,,5410,,-1046,,36,,1343,e,0,,25.84,,0,
5/14/2015,748.64,,1664897,,-7062,,3538000,,-1873103,,5526,,2076,,64,,1436,e,0,,25.84,,0,
5/15/2015,747.7,,1656191,,-8706,,3538000,,-1881809,,4491,,205,,56,,1436,e,0,,25.84,,0,
5/16/2015,746.96,,1649361,,-6830,,3538000,,-1888639,,4510,,973,,46,,1479,e,0,,25.84,,0,
5/17/2015,746.01,,1640621,,-8740,,3538000,,-1897379,,4579,,358,,46,,1479,e,0,,25.84,,0,
5/18/2015,745.14,,1632646,,-7975,,3538000,,-1905354,,4593,,638,,66,,1242,,0,,25.84,,0,
5/19/2015,744.44,,1626249,,-6397,,3538000,,-1911751,,4057,,900,,68,,1532,e,0,,25.84,,0,
5/20/2015,743.48,,1617504,,-8745,,3538000,,-1920496,,4933,,534,,55,,1496,e,0,,25.84,,0,
5/21/2015,742.82,,1611512,,-5992,,3538000,,-1926488,,4190,,1242,,73,,1476,e,0,,25.84,,0,
5/22/2015,741.87,,1602914,,-8598,,3538000,,-1935086,,4102,,-180,,53,,1475,e,0,,25.84,,0,
5/23/2015,741.21,,1596960,,-5954,,3538000,,-1941040,,3622,,670,,50,,1680,e,0,,25.84,,0,
5/24/2015,740.79,,1593179,,-3781,,3538000,,-1944821,,2993,,1136,,50,,1570,e,0,,25.84,,0,
5/25/2015,740.22,,1588057,,-5122,,3538000,,-1949943,,3190,,658,,50,,1424,,0,,25.84,,0,
5/26/2015,739.74,,1583754,,-4303,,3538000,,-1954246,,3025,,1009,,109,,1575,e,0,,25.84,,0,
5/27/2015,739.52,,1581784,,-1970,,3538000,,-1956216,,2581,,1660,,72,,1428,e,0,,25.84,,0,
5/28/2015,739.14,,1578386,,-3398,,3538000,,-1959614,,2336,,652,,74,,1413,e,0,,25.84,,0,
5/29/2015,738.72,,1574636,,-3750,,3538000,,-1963364,,2463,,742,,79,,1312,e,0,,25.84,,0,
5/30/2015,738.22,,1570179,,-4457,,3538000,,-1967821,,2872,,654,,74,,1188,e,0,,25.84,,0,
5/31/2015,737.68,,1565377,,-4802,,3538000,,-1972623,,2878,,531,,74,,1393,e,0,,25.84,,0,
6/1/2015,737.06,,1559875,,-5502,,3538000,,-1978125,,2917,,212,,69,,1574,,0,,25.84,,0,
6/2/2015,736.55,,1555360,,-4515,,--,,--,,2936,,764,,105,,1393,e,0,,25.84,,0,
6/3/2015,736.01,,1550589,,-4771,,3538000,,--,,3488,,1159,,77,,1380,e,0,,25.84,,0,
6/4/2015,735.37,,1544948,,-5641,,3538000,,--,,3649,,884,,79,,1436,,0,,25.84,,0,
6/5/2015,734.81,,1540024,,-4924,,3538000,,-1997976,,3498,,1089,,74,,1181,,0,,25.84,,0,
6/6/2015,734.24,,1535023,,-5001,,3538000,,-2002977,,3456,,1055,,76,,1280,e,0.16,,26,,0,
6/7/2015,733.82,,1531345,,-3678,,3538000,,-2006655,,2926,,1060,,76,,1280,e,0,,26,,0.16,
6/8/2015,733.4,,1527674,,-3671,,3538000,,-2010326,,3449,,1744,,101,,1240,e,0,,26,,0,
6/9/2015,732.64,,1521046,,-6628,,3538000,,-2016954,,3552,,357,,146,,1239,e,0,,26,,0,
6/10/2015,732.14,,1516696,,-4350,,3538000,,-2021304,,3169,,1130,,154,,1248,e,0,,26,,0,
6/11/2015,731.68,,1512688,,-4008,,3538000,,-2025312,,2907,,958,,65,,1247,e,0,,26,,0,
6/12/2015,731.2,,1508528,,-4160,,3538000,,-2029472,,3192,,1197,,103,,1139,e,0,,26,,0,
6/13/2015,730.78,,1504894,,-3634,,3538000,,-2033106,,3167,,1521,,100,,1392,,0,,26,,0,
6/14/2015,730.32,,1500920,,-3974,,3538000,,-2037080,,3239,,1292,,100,,1274,,0,,26,,0,
6/15/2015,729.86,,1496954,,-3966,,3538000,,-2041046,,3195,,1221,,112,,929,,0,,26,,0,
6/16/2015,729.2,,1491277,,-5677,,3538000,,-2046723,,3892,,1160,,87,,1190,,0,,26,,0,
6/17/2015,728.55,,1485700,,-5577,,3538000,,-2052300,,3901,,1157,,111,,964,,0,,26,,0,
6/18/2015,727.89,,1480053,,-5647,,3538000,,-2057947,,4301,,1555,,101,,988,,0,,26,,0,
6/19/2015,727.17,,1473908,,-6145,,3538000,,-2064092,,4211,,1272,,116,,932,,0,,26,,0,
6/20/2015,726.42,,1467527,,-6381,,3538000,,-2070473,,4209,,1055,,106,,965,e,0,,26,,0,
6/21/2015,725.66,,1461080,,-6447,,3538000,,-2076920,,4677,,1651,,96,,1049,,0,,26,,0,
6/22/2015,724.73,,1453218,,-7862,,3538000,,-2084782,,4760,,820,,110,,896,e,0,,26,,0,
6/23/2015,723.72,,1444713,,-8505,,3538000,,-2093287,,4705,,477,,102,,896,e,0,,26,,0,
6/24/2015,723.35,,1441606,,-3107,,3538000,,-2096394,,2698,,1283,,109,,849,,0,,26,,0,
6/25/2015,722.53,,1434736,,-6870,,3538000,,-2103264,,4829,,1467,,102,,896,e,0,,26,,0,
6/26/2015,721.56,,1426639,,-8097,,3538000,,--,,4806,,830,,106,,850,,0,,26,,0,
6/27/2015,720.67,,1419238,,-7401,,3538000,,--,,4663,,1045,,113,,980,e,0,,26,,0,
6/28/2015,719.82,,1412194,,-7044,,3538000,,--,,4622,,1142,,113,,980,e,0,,26,,0,
6/29/2015,718.85,,1404184,,-8009,,3538000,,-2133816,,5026,,1097,,67,,895,e,0,,26,,0,
6/30/2015,717.78,,1395386,,-8798,,3538000,,-2142614,,5631,,1303,,107,,894,e,0,,26,,0,
7/1/2015,716.69,,1386462,,-8925,,3538000,,-2151538,,5345,,971,,126,,1023,e,0,,26,,0,
7/2/2015,715.57,,1377334,,-9128,,3538000,,-2160666,,5496,,1008,,114,,1023,e,0,,26,,0,
7/3/2015,714.57,,1369218,,-8116,,3538000,,-2168782,,5391,,1411,,111,,1023,e,0,,26,,0,
7/4/2015,713.67,,1361942,,-7276,,3538000,,-2176058,,4484,,927,,111,,696,,0,,26,,0,
7/5/2015,712.8,,1354933,,-7009,,3538000,,-2183067,,4600,,1177,,111,,877,,0,,26,,0,
7/6/2015,712,,1348511,,-6422,,3538000,,-2189489,,4967,,1790,,61,,739,e,0,,26,,0,
7/7/2015,710.91,,1339793,,-8718,,3538000,,-2198207,,4465,,115,,85,,739,e,0,,26,,0,
7/8/2015,709.86,,1331432,,-8361,,3538000,,-2206568,,4605,,510,,81,,1042,,0.24,,26.24,,0,
7/9/2015,708.84,,1323344,,-8088,,3538000,,-2214656,,4887,,830,,60,,1150,,0,,26.24,,0.24,
7/10/2015,708.02,,1316865,,-6479,,3538000,,-2221135,,4595,,1372,,43,,953,,0,,26.24,,0,
7/11/2015,707.16,,1310094,,-6771,,3538000,,-2227906,,4637,,955,,48,,932,,0,,26.24,,--,
7/12/2015,706.06,,1301468,,-8626,,3538000,,-2236532,,5086,,1102,,48,,701,,0,,26.24,,0,
7/13/2015,704.98,,1293035,,-8433,,3538000,,-2244965,,5068,,973,,117,,920,,0,,26.24,,--,
7/14/2015,703.96,,1285106,,-7929,,3538000,,-2252894,,5104,,1226,,81,,661,e,0,,26.24,,0,
7/15/2015,703,,1277673,,-7433,,3538000,,-2260327,,5112,,1216,,85,,732,e,0,,26.24,,0,
7/16/2015,701.99,,1269883,,-7790,,3538000,,--,,3687,,947,,99,,732,e,0,,26.24,,0,
7/17/2015,701.12,,1263200,,-6683,,3538000,,--,,4299,,46,,87,,803,e,0,,26.24,,0,
7/18/2015,700.29,,1256845,,-6355,,3538000,,--,,4070,,976,,71,,803,e,0,,26.24,,0,
7/19/2015,699.45,,1250451,,-6394,,3538000,,--,,4079,,881,,70,,782,e,0,,26.24,,0,
7/20/2015,698.61,,1244062,,-6389,,3538000,,-2293938,,4237,,1240,,147,,867,,0,,26.24,,0,
7/21/2015,697.79,,1237848,,-6214,,3538000,,-2300152,,4415,,1313,,107,,841,e,0,,26.24,,0,
7/22/2015,696.8,,1230375,,-7473,,3538000,,-2307625,,4576,,901,,92,,634,e,0,,26.24,,0,
7/23/2015,695.99,,1224285,,-6090,,3538000,,-2313715,,4638,,1662,,94,,633,e,0,,26.24,,0,
7/24/2015,694.42,,1212542,,-11742,,3538000,,-2325458,,5189,,-542,,75,,427,e,0,,26.24,,0,
7/25/2015,693.24,,1203770,,-8773,,3538000,,-2334230,,4957,,566,,69,,427,e,0,,26.24,,0,
7/26/2015,692.15,,1195707,,-8063,,3538000,,-2342293,,4984,,951,,69,,427,e,0,,26.24,,0,
7/27/2015,691.17,,1188491,,-7216,,3538000,,-2349509,,5040,,1417,,126,,427,e,0,,26.24,,0,
7/28/2015,690.19,,1181306,,-7185,,3538000,,--,,4614,,1216,,112,,571,,0,,26.24,,0,
7/29/2015,689.29,,1174734,,-6572,,3538000,,-2363266,,4626,,1475,,126,,556,,0,,26.24,,0,
7/30/2015,688.4,,1168262,,-6472,,3538000,,-2369738,,4707,,1525,,118,,734,,0,,26.24,,0,
7/31/2015,687.53,,1161959,,-6303,,3538000,,-2376041,,4419,,1292,,87,,593,,0,,26.24,,0,
8/1/2015,686.61,,1155320,,-6639,,3538000,,-2382680,,4453,,1220,,77,,1090,,0,,26.24,,0,
8/2/2015,685.72,,1148923,,-6397,,3538000,,-2389077,,4472,,1324,,77,,780,,0,,26.24,,0,
8/3/2015,684.76,,1142052,,-6871,,3538000,,-2395948,,4326,,894,,32,,555,e,0,,26.24,,0,
8/4/2015,684.05,,1136988,,-5064,,3538000,,-2401012,,4179,,1677,,86,,554,e,0,,26.24,,0,
8/5/2015,683.16,,1130664,,-6324,,3538000,,-2407336,,3817,,708,,44,,554,e,0,,26.24,,0,
8/6/2015,682.54,,1126272,,-4392,,3538000,,-2411728,,3293,,1074,,67,,650,e,0,,26.24,,0,
8/7/2015,682.18,,1123728,,-2544,,3538000,,-2414272,,2953,,1786,,80,,651,e,0,,26.24,,0,
8/8/2015,681.79,,1120977,,-2751,,3538000,,-2417023,,2792,,1509,,68,,876,,0,,26.24,,0,
8/9/2015,681.21,,1116894,,-4083,,3538000,,-2421106,,2728,,772,,68,,870,,0,,26.24,,0,
8/10/2015,680.81,,1114083,,-2811,,--,,--,,2890,,1484,,82,,729,,0,,26.24,,0,
8/11/2015,680.3,,1110508,,-3575,,3538000,,--,,3022,,1296,,77,,859,,0,,26.24,,0,
8/12/2015,679.75,,1106661,,-3847,,3538000,,-2431339,,3024,,1169,,84,,693,,0,,26.24,,0,
8/13/2015,679.38,,1104078,,-2583,,3538000,,-2433922,,2692,,1492,,68,,505,,0,,26.24,,0,
8/14/2015,678.74,,1099621,,-4457,,3538000,,-2438379,,2702,,542,,88,,674,e,0,,26.24,,0,
8/15/2015,678.55,,1098300,,-1321,,3538000,,-2439700,,2722,,2136,,79,,673,e,0,,26.24,,0,
8/16/2015,678.2,,1095870,,-2430,,3538000,,-2442130,,2726,,1582,,81,,684,,0,,26.24,,0,
8/17/2015,677.87,,1093582,,-2288,,3538000,,-2444418,,2354,,1246,,81,,478,,0,,26.24,,0,
8/18/2015,677.73,,1092612,,-969,,3538000,,-2445388,,2110,,1777,,121,,655,e,0,,26.24,,0,
8/19/2015,677.37,,1090122,,-2491,,3538000,,-2447878,,2123,,966,,98,,655,e,0,,26.24,,0,
8/20/2015,677.07,,1088050,,-2072,,3538000,,-2449950,,2169,,1173,,49,,414,,0,,26.24,,0,
8/21/2015,676.96,,1087291,,-759,,3538000,,-2450709,,2165,,1860,,42,,778,e,0,,26.24,,0,
8/22/2015,676.51,,1084189,,-3102,,3538000,,-2453811,,2153,,636,,47,,908,e,0,,26.24,,0,
8/23/2015,676.47,,1083913,,-276,,3538000,,-2454087,,2167,,2042,,49,,908,,0,,26.24,,0,
8/24/2015,676.2,,1082056,,-1857,,3538000,,-2455944,,2177,,1351,,111,,908,,0,,26.24,,0,
8/25/2015,675.86,,1079719,,-2337,,3538000,,-2458281,,2166,,1070,,82,,908,e,0,,26.24,,0,
8/26/2015,675.89,,1079926,,207,,3538000,,-2458074,,2132,,2292,,91,,895,e,0,,26.24,,0,
8/27/2015,675.97,,1080475,,549,,3538000,,-2457525,,2157,,2560,,91,,895,e,0,,26.24,,0,
8/28/2015,675.58,,1077798,,-2677,,3538000,,-2460202,,2201,,945,,93,,685,e,0,,26.24,,0,
8/29/2015,675.26,,1075605,,-2193,,3538000,,--,,2234,,1195,,67,,685,e,0.04,,26.28,,0,
8/30/2015,674.87,,1072937,,-2668,,3538000,,--,,2234,,955,,67,,961,,0,,26.28,,0.04,
8/31/2015,674.75,,1072117,,-820,,3538000,,-2465883,,1531,,1249,,97,,775,,0,,26.28,,0,
9/1/2015,674.46,,1070137,,-1980,,3538000,,-2467863,,1530,,576,,78,,685,e,0,,26.28,,0,
9/2/2015,674.2,,1068364,,-1773,,3538000,,-2469636,,2238,,1425,,81,,526,,0,,26.28,,0,
9/3/2015,673.85,,1065980,,-2384,,3538000,,-2472020,,2233,,1106,,75,,508,e,0,,26.28,,0,
9/4/2015,673.61,,1064348,,-1632,,3538000,,-2473652,,2237,,1473,,59,,507,e,0,,26.28,,0,
9/5/2015,673.08,,1060749,,-3599,,3538000,,-2477251,,2235,,487,,66,,699,e,0,,26.28,,0,
9/6/2015,673.01,,1060275,,-474,,3538000,,-2477725,,2235,,2061,,66,,699,e,0,,26.28,,0,
9/7/2015,672.65,,1057836,,-2439,,3538000,,-2480164,,2211,,1047,,66,,840,e,0,,26.28,,0,
9/8/2015,672.67,,1057971,,135,,3538000,,-2480029,,1612,,1782,,101,,823,e,0,,26.28,,0,
9/9/2015,672.63,,1057701,,-270,,3538000,,-2480299,,1638,,1600,,98,,823,e,0,,26.28,,0,
9/10/2015,672.71,,1058242,,541,,3538000,,-2479758,,1277,,1655,,105,,806,e,0,,26.28,,0,
9/11/2015,672.61,,1057565,,-677,,3538000,,-2480435,,1736,,1502,,107,,806,e,0,,26.28,,0,
9/12/2015,672.39,,1056077,,-1488,,3538000,,-2481923,,1329,,671,,92,,806,e,0,,26.28,,0,
9/13/2015,672.27,,1055266,,-811,,3538000,,-2482734,,1612,,1294,,91,,892,,0,,26.28,,0,
9/14/2015,672.31,,1055536,,270,,3538000,,-2482464,,1612,,1767,,18,,966,,0,,26.28,,0,
9/15/2015,672.17,,1054590,,-946,,3538000,,-2483410,,1423,,974,,28,,1542,e,0,,26.28,,0,
9/16/2015,672.12,,1054253,,-337,,3525500,,-2471247,,1412,,1301,,59,,1541,e,0.24,,26.52,,0,
9/17/2015,672.08,,1053983,,-270,,3513000,,-2459017,,1384,,1261,,14,,--,,0.04,,26.56,,0.28,
9/18/2015,672.15,,1054456,,473,,3500500,,-2446044,,1412,,1694,,43,,--,,0,,26.56,,0,
9/19/2015,672.18,,1054658,,202,,3488000,,-2433342,,1412,,1560,,46,,--,,0,,26.56,,0,
9/20/2015,--,,--,,--,,--,,--,,--,,--,,--,,--,,--,,--,,0,
